,id,names,address,area code,phone,web,description,category,city,link,openstreetmap,lat,long,latlong
0,1,180 Grados Fitness,Km. 22.5 Carretera a El Salvador. Portal del Bosque,502.0,66625087,https://www.180gradosfitness.com/,"180 Grados Fitness tiene como objetivo fundamental dirigir un entrenamiento funcional que genere un mejor rendimiento físico, mayor coordinación, agilidad y también un mayor gasto de calorías por minuto. 

El entrenamiento funcional es el nuevo secreto del fitness, se ha convertido en la base de cualquier entrenamiento y tiene como objetivo el entrenamiento del movimiento del cuerpo en todos sus ejes y en sus rangos de movimiento natural.","Crossfit, Funcional, Yoga, Pilates",Guatemala - Guatemala,"https://www.google.com.ar/maps/place/180+grados+Fitness/@14.5014303,-90.4886139,15z/data=!3m1!4b1!4m5!3m4!1s0x8589a50cff69f85f:0x8f386687179f1095!8m2!3d14.5014305!4d-90.4798591","geo:14.49796,-90.48129?z=19",14.49796,-90.48129,"(14.49796, -90.48129)"
1,2,Academia BellyDance Rashida,"Plaza Las Cañas, Local 201, zona 10",502.0,23370980,https://es-la.facebook.com/Rashidaacademy/,"Esta academia de baile es ideal para las personas que desean aprender todo sobre el belly dance. Ubicada en la zona 10, la Academia BellyDance Rashida cuenta con profesionales artísticos que te mostrarán distintas técnicas en clases personalizadas. Además, ofrecen clases de baile latino, tango, hip hop, yoga, company y mucho más.",Baile,Guatemala - Guatemala,"https://www.google.com.ar/maps/place/Academia+Rashida+Bellydance/@14.5813049,-90.5052988,15z/data=!3m1!4b1!4m5!3m4!1s0x8589a348c7507c29:0x1e5cdbef98f518ad!8m2!3d14.5813051!4d-90.496544","geo:14.58151,-90.49617?z=19",14.58151,-90.49617,"(14.58151, -90.49617)"
2,3,Academia Dance Art,"Bulevar Vista Hermosa 25-80, zona 15 Vista Hermosa 2, edificio María del Alma local 9A",502.0,30938434,https://es-la.facebook.com/Danceartguatemala/,"La Academia Dance Art ofrece profesionales expertos en enseñarte la técnica correcta, apasionados en múltiples géneros de baile; amplio trayecto en la salsa y bachata. Lo mejor es que su academia es reconocida gracias a los múltiples premios que han alcanzado en concursos nacionales e internacionales.",Baile,Guatemala - Guatemala,"https://www.google.com.ar/maps/place/edificio+maria+del+alma/@14.5809978,-90.4936543,15z/data=!3m1!4b1!4m5!3m4!1s0x8589a3742bcb3aeb:0x78da9ec1cb86ed87!8m2!3d14.580998!4d-90.4848995","geo:14.58096,-90.48487?z=19",14.58096,-90.48487,"(14.58096, -90.48487)"
3,4,Academia de Baile Español Mary Farrington,19 calle 12-34 zona 10,502.0,40445174,https://www.facebook.com/acamaryfarrrington/,Academia de Baile Español Mary Farrington te invita a visitar nuestra pagina en facebook para enterarte de sus actividades.,Baile,Guatemala - Guatemala,"https://www.google.com/maps/place/19+Calle+1234,+Cdad.+de+Guatemala,+Guatemala/@14.5894785,-90.5092288,17.53z/data=!4m5!3m4!1s0x8589a3c06ce4edfd:0xa02f571528be739!8m2!3d14.5898724!4d-90.5076447","geo:14.59010,-90.50806?z=19",14.5901,-90.50806,"(14.5901, -90.50806)"
4,5,Academia de Ballet DanzArte,Avenida Elena 3-31 zona 1,502.0,46626874,http://academia-danzarte.com/,"La Academia de Ballet DanzArte cuenta con tres diferentes sucursales ubicadas en la Ciudad de Guatemala. Sin duda alguna, este es un buen destino para recibir clases de ballet para niñas desde 1.5 años, hasta adultos. Cuentan con clausuras y presentaciones en público, con hermosas coreografías y vestuarios llenos de detalles.",Baile,Guatemala - Guatemala,"https://www.google.com/maps/place/Avenida+Elena+331,+Cdad.+de+Guatemala+01001,+Guatemala/@14.646037,-90.5218574,17.82z/data=!4m5!3m4!1s0x8589a21b535ce475:0xe9dc6639c5585744!8m2!3d14.646465!4d-90.5207303","geo:14.64664,-90.52080?z=17",14.64664,-90.5208,"(14.64664, -90.5208)"
5,6,Academia de Ballet DanzArte,"Centro Comercial San Cristobal, 3 calle 18-72, San Cristobal",502.0,46626874,http://academia-danzarte.com/,"La Academia de Ballet DanzArte cuenta con tres diferentes sucursales ubicadas en la Ciudad de Guatemala. Sin duda alguna, este es un buen destino para recibir clases de ballet para niñas desde 1.5 años, hasta adultos. Cuentan con clausuras y presentaciones en público, con hermosas coreografías y vestuarios llenos de detalles.",Baile,Guatemala - Guatemala,,"geo:14.59496,-90.57926?z=19",14.59496,-90.57926,"(14.59496, -90.57926)"
6,7,Academia de Ballet DanzArte,"Naranjo Shops Local 3, El Naranjo, zona 4, Mixco ",502.0,46626874,http://academia-danzarte.com/,"La Academia de Ballet DanzArte cuenta con tres diferentes sucursales ubicadas en la Ciudad de Guatemala. Sin duda alguna, este es un buen destino para recibir clases de ballet para niñas desde 1.5 años, hasta adultos. Cuentan con clausuras y presentaciones en público, con hermosas coreografías y vestuarios llenos de detalles.",Baile,Guatemala - Guatemala,,"geo:14.65307,-90.54034?z=19",14.65307,-90.54034,"(14.65307, -90.54034)"
7,8,Academia Scenic Dance,3 Avenida 14-19 Zona 14,502.0,52047081,https://www.facebook.com/ScenicDance/,Academia de Baile,Baile,Guatemala - Guatemala,"https://www.google.com/maps/place/Scenic+Dance+Guatemala/@14.581688,-90.5291758,15z/data=!3m1!4b1!4m5!3m4!1s0x8589a39cdd37aaa5:0x7b1b1427d1971cf5!8m2!3d14.5816882!4d-90.520421","geo:14.58189,-90.52029?z=19",14.58189,-90.52029,"(14.58189, -90.52029)"
8,9,Active Mom,13 calle A 7-19 Centro Comercial Tiffany,502.0,23636424,https://www.facebook.com/ActiveMomGT/,"Active mom es un gimnasio para mujeres embarazadas, mamás y mujeres que buscan sentirse motivadas y saludables",Funcional,Guatemala - Guatemala,"https://www.google.com/maps/place/Centro+Comercial+Tiffany,+14+Calle+A,+Cdad.+de+Guatemala,+Guatemala/@14.597526,-90.510677,17.87z/data=!4m5!3m4!1s0x8589a3c64510897b:0x9a9ccef3a3e0f2af!8m2!3d14.5978436!4d-90.5097611","geo:14.59780,-90.50978?z=19",14.5978,-90.50978,"(14.5978, -90.50978)"
9,10,Active Zone,"Centro Comercial Santa Amelia, Bulevar Hospital Militar, Zona 16",502.0,22558054,https://www.instagram.com/p/sDkya0jgl3/,Gimnasio Boutique. ,"Yoga, Pilates, TRX, Baile, Spinning",Guatemala - Guatemala,"https://www.google.com/maps/place/Active+Zone+Guatemala/@14.6254494,-90.4800162,15z/data=!3m1!4b1!4m5!3m4!1s0x8589a2e859c3deff:0xef3f1504a3f360e6!8m2!3d14.6254496!4d-90.4712614","geo:14.62604,-90.47016?z=19",14.62604,-90.47016,"(14.62604, -90.47016)"
10,11,Addiction Dance Studio,Galerias Primma Locales 203 y 204,502.0,54663773,https://es-la.facebook.com/adsgt/,¿Con ganas de bailar? Addiction Dance Studio es un espacio ideal para aprender distintos tipos de baile con clases personalizadas. Ofrecen desde clases de jazz hasta bachata y latin dance de parejas. Lo mejor es que te enseñarán desde los pasos más básicos hasta capacitaciones para concursos de baile en pareja y grupales.,Baile,Guatemala - Guatemala,"https://www.google.com/maps/place/Addiction+Dance+Studio+-+Galer%C3%ADas+Primma/@14.6241208,-90.5606934,15z/data=!3m1!4b1!4m5!3m4!1s0x8589a1bad91d0f07:0x684a2c548b08453d!8m2!3d14.624121!4d-90.5519386","geo:14.62421,-90.55120?z=18",14.62421,-90.5512,"(14.62421, -90.5512)"
11,12,ADS Z15 Addiction Dance Studio,1 Calle 18-53  Vista Hermosa 2,502.0,54663773,https://www.facebook.com/ADSZ15/,"Salsa, Bachata, Belly Dance, Zumba, Hip Hop, Contemporáneo, Jazz, Latin Dance",Baile,Guatemala - Guatemala,"https://www.google.com/maps/place/1+Calle+18-53,+Cdad.+de+Guatemala,+Guatemala/@14.592571,-90.5032818,15z/data=!3m1!4b1!4m5!3m4!1s0x8589a3a3a2c5d933:0x24b1a8a8625faa83!8m2!3d14.5925712!4d-90.494527","geo:14.59247,-90.49458?z=19",14.59247,-90.49458,"(14.59247, -90.49458)"
12,13,Akasha Yoga Centro Holístico,8a. Calle 28-00 Zona 11,502.0,49014553,https://www.facebook.com/Akashayogagt/,"Akasha Yoga Centro Holístico, abre las puertas para ser un lugar donde se encuentran diferentes métodos para tener una vida integral, uniendo el bienestar emocional, espiritual, físico y mental.",Yoga,Guatemala - Guatemala,"https://www.google.com/maps/place/Akasha+Yoga/@14.622321,-90.5713976,15z/data=!3m1!4b1!4m5!3m4!1s0x8589a1ad6e17ae2f:0xcb4791ed98b0f951!8m2!3d14.6223212!4d-90.5626428","geo:14.62217,-90.56248?z=18",14.62217,-90.56248,"(14.62217, -90.56248)"
13,14,Alive Smart Fitness,Diagonal 6 12-42 Zona 10 Design Center L 211,502.0,22068000,https://www.facebook.com/alivebefit/,"Estar Fit es tener la habilidad física y confianza para ser y hacer lo que tu quieras. Y tú, deseas estar Fit? En Alive practicamos ejercicio inteligente: simple, rápido y emocionante. Así es más efectivo.","Yoga, Funcional",Guatemala - Guatemala,"https://www.google.com/maps/place/Alive+Gimnasio+Boutique/@14.5986908,-90.5175638,15z/data=!3m1!4b1!4m5!3m4!1s0x8589a3c6323168c9:0x8804bba56313c766!8m2!3d14.598691!4d-90.508809","geo:14.59893,-90.50864?z=19",14.59893,-90.50864,"(14.59893, -90.50864)"
14,15,AMSI CrossFit,8a Ave. 9-28 San Cristobal Zona 8 de Mixco,502.0,24801592,https://amsicrossfit.com/,"Somos el primer box de CrossFit en San Cristobal, Guatemala. Pertenecemos a la Comunidad de Crossfit como el quinto “box” afiliado en Guatemala. La comunidad sigue creciendo en nuestro país y estamos emocionados por encontrar potenciales crossfiteros en San Cristobal.",Crossfit,Guatemala - Guatemala,"https://www.google.com/maps/place/AMSI+Crossfit/@14.600928,-90.603891,15z/data=!3m1!4b1!4m5!3m4!1s0x8589a084c3a25949:0x35ba1a42ad3f5e35!8m2!3d14.6009282!4d-90.5951362","geo:14.60066,-90.59491?z=18",14.60066,-90.59491,"(14.60066, -90.59491)"
15,16,Tobias Brothers,8a Ave. 9-28 San Cristobal Zona 8 de Mixco,502.0,22588924,https://www.facebook.com/TobiasBros,Tricking - Artes Marciales - Creativos.,Artes Marciales,Guatemala - Guatemala,,"geo:14.60066,-90.59491?z=18",14.60066,-90.59491,"(14.60066, -90.59491)"
16,17,Olympika gymnastics,8a Ave. 9-28 San Cristobal Zona 8 de Mixco,502.0,41297515,https://www.facebook.com/OlympikaGuatemala/,Gimnasia olímpica,Gimnasia,Guatemala - Guatemala,,"geo:14.53102,-90.46462?z=19",14.53102,-90.46462,"(14.53102, -90.46462)"
17,18,Ananda Yoga Estudio,Diagonal 6 13-63 Zona 10,502.0,30255117,https://www.facebook.com/estudioanandayoga507/,Clases Privadas de Yoga Prenatal y Viniyoga.,Yoga,Guatemala - Guatemala,"https://www.google.com/maps/place/Ananda+Yoga+Estudio+Guatemala/@14.6054073,-90.5194629,15z/data=!4m8!1m2!2m1!1sAnanda+Yoga+Estudio!3m4!1s0x0:0x29cb0992fdc42d67!8m2!3d14.5971331!4d-90.5070394","geo:14.59839,-90.50858?z=17",14.59839,-90.50858,"(14.59839, -90.50858)"
18,19,Aquatic Center,Km 15.5 Carretera A El Salvador Lote 1L Puerta Parada,502.0,23120800,https://www.facebook.com/Aquaticcenter/,"Somos un centro de enseñanza donde nuestra experiencia como nadadores olímpicos nos ha dado el amor al agua, algo que queremos compartir con los niños.",Natacion,Guatemala - Guatemala,"https://www.google.com/maps/search/Km+15.5+Carretera+A+El+Salvador+Lote+1L+Puerta+Parada/@14.5558898,-90.4562319,17.34z","geo:14.55233,-90.45294?z=18",14.55233,-90.45294,"(14.55233, -90.45294)"
19,20,Aquatic Center,"12 Avenida A 0-64, Cdad. de Guatemala 01007, Guatemala",502.0,23120800,https://www.facebook.com/Aquaticcenter/,"Somos un centro de enseñanza donde nuestra experiencia como nadadores olímpicos nos ha dado el amor al agua, algo que queremos compartir con los niños.",Natacion,Guatemala - Guatemala,"https://www.google.com/maps/place/Aquatic+Center/@14.6159802,-90.6111838,12.09z/data=!4m8!1m2!2m1!1sAquatic+Center!3m4!1s0x8589a1a34903474b:0x65f5ac05ecbe0586!8m2!3d14.622638!4d-90.548419","geo:14.62267,-90.54848?z=19",14.62267,-90.54848,"(14.62267, -90.54848)"
20,21,Aquatic Center,Villanueva,502.0,23120800,https://www.facebook.com/Aquaticcenter/,"Somos un centro de enseñanza donde nuestra experiencia como nadadores olímpicos nos ha dado el amor al agua, algo que queremos compartir con los niños.",Natacion,Guatemala - Guatemala,"https://www.google.com/maps/place/Aquatic+Center/@14.6159291,-90.6854083,11z/data=!4m8!1m2!2m1!1sAquatic+Center!3m4!1s0x0:0x396e4c0c23cca9da!8m2!3d14.5427946!4d-90.6010723","geo:14.54264,-90.60024?z=17",14.54264,-90.60024,"(14.54264, -90.60024)"
21,22,Asha Shala,5a. Avenida 20-42 Zona 14,502.0,23672698,https://directorio.guatemala.com/listado/asha-shala.html,"Ofrecemos Yoga, Qi Cong, Shiatsu, Medicina China, Acupuntra, Network Spinal Analysis, Baras, Reiki, Consulta de Numerología, Cartas Astrales, Café y Tienda de Yoga.",Yoga,Guatemala - Guatemala,"https://www.google.com/maps/place/Dharma+Healing+Clinic/@14.5726183,-90.5256627,16.36z/data=!4m5!3m4!1s0x8589a3fcf137b70b:0x59902e793217821a!8m2!3d14.5740878!4d-90.5226123","geo:14.57359,-90.52231?z=17",14.57359,-90.52231,"(14.57359, -90.52231)"
22,23,Asociación De Pentatlon Moderno,3 avenida 16-15 Zona 15,502.0,23694542,https://www.facebook.com/AsociacionNacionalDePentatlonModerno/,"La Asociación Nacional de Pentatlón Moderno de Guatemala fue creada el 10 de junio de 1987, y desde entonces sigue en su papel maternal de acoger a los atletas interesados en participar en esta hermosa disciplina deportiva.",Pentatlon moderno,Guatemala - Guatemala,"https://www.google.com/maps/place/Pentatlon+Moderno+Guatemala/@14.6099564,-90.5009944,16z/data=!4m8!1m2!2m1!1sAsociaci%C3%B3n+De+Pentatlon+Moderno!3m4!1s0x8589a3b02c7dc707:0x997b2d6e17b9d61e!8m2!3d14.6026877!4d-90.4977536","geo:14.60224,-90.49769?z=17",14.60224,-90.49769,"(14.60224, -90.49769)"
23,24,Asociacion Nacional De Vuelo Libre De Guatemala,10 Calle 2-28 Z 9 Casa de la Cultura,502.0,23851221,www.vuelolibre.com.gt,"Promover la práctica del vuelo libre como herramienta de desarrollo de la cultura física en los ciudadanos guatemaltecos y mejorando su calidad de vida.
La Asociación Deportiva Nacional de Vuelo Libre,  se enorgullece de representar dignamente a nuestro país Guatemala,  integrando y alentando a las personas a participar abiertamente en el Deporte de Ala Delta y/o Parapente.",Aviacion,Guatemala - Guatemala,"https://www.google.com/maps/place/Asociaci%C3%B3n+Nacional+de+Vuelo+Libre+de+Guatemala/@14.5921646,-90.5394186,15z/data=!3m1!4b1!4m5!3m4!1s0x8589a14ecbf85c61:0x50954a57a909b258!8m2!3d14.5921648!4d-90.5306638","geo:14.60476,-90.52405?z=19",14.60476,-90.52405,"(14.60476, -90.52405)"
24,25,Ballet Nacional De Guatemala,5 Cl 03-43 Z 1,502.0,22533118,http://balletnacionaldeguatemala.blogspot.com,Ballet,Baile,Guatemala - Guatemala,"https://www.google.com/maps/place/Ballet+Nacional+de+Guatemala/@14.6438192,-90.5247982,15z/data=!3m1!4b1!4m5!3m4!1s0x8589a2107e7fd0d9:0xddd986095ce4588a!8m2!3d14.6438194!4d-90.5160434","geo:14.64376,-90.51608?z=19",14.64376,-90.51608,"(14.64376, -90.51608)"
25,26,Big Mountain,5 Av B 3-15 Zona 9,502.0,24708393,https://www.facebook.com/bmountainGT,Muros para escalar,Escalada,Guatemala - Guatemala,"https://www.google.com/maps/place/Big+Mountain/@14.6119208,-90.5278258,15z/data=!3m1!4b1!4m5!3m4!1s0x8589a342e6e26713:0x26fccec478daa6d3!8m2!3d14.611921!4d-90.519071","geo:14.61206,-90.51915?z=19",14.61206,-90.51915,"(14.61206, -90.51915)"
26,27,Bilanz,18 Calle 20-70 Zona 10,502.0,23636392,https://www.bilanzpilates.com/,"Bilanz Pilates pretende que las personas que se ejercitan con nosotros adquieran un estilo de vida saludable.

Una buena salud física y mental es necesaria para vivir bien, de esta forma se mejora en las actividades de la vida diaria, se siente felicidad y se transmite positivismo.",Pilates TRX,Guatemala - Guatemala,"https://www.google.com/maps/place/Bilanz+Pilates/@14.58954,-90.5163053,15z/data=!3m1!4b1!4m5!3m4!1s0x8589a3d13d3f451f:0x1a1a5f7641676ce4!8m2!3d14.5895402!4d-90.5075505","geo:14.58954,-90.5163053?z",14.58954,-90.5163053,"(14.58954, -90.5163053)"
27,28,Billar Club,12 Calle 1-25 Zona 10; Local 3,502.0,23661712,https://www.facebook.com/billarclub.5/,"Bar deportivo, puede disfrutar de billar, mesa de cartas y futio, ademas de disfrutar de deliciosa comida y sobre todo de bebidas alcohólicas.",Billar,Guatemala - Guatemala,"https://www.google.com/maps/place/Billar+Club+Punto+5/@14.6009844,-90.5234301,15z/data=!3m1!4b1!4m5!3m4!1s0x8589a38c615b10cd:0xaba3b66d3cb51ff8!8m2!3d14.6009846!4d-90.5146753","geo:14.60134,-90.51468?z=19",14.60134,-90.51468,"(14.60134, -90.51468)"
28,29,Boom Gym,"15 Avenida 6-01, Century Plaza Nivel 4 Local 403",502.0,23620708,https://www.boomgym.com/,"En Boom Gym nuestro personal está altamente capacitado con certificados obtenidos en los EEUU. Contamos con herramientas nunca antes vistas en Guatemala para mejorar la condición física. 

Boom Gym es la herramienta mas rústica, efectiva y exigente del planeta. Se enfoca en crear resistencia, moldeando y fortaleciendo casi todos los músculos del cuerpo. Incrementa flexibilidad, fuerza y tonifica los músculos.",Crossfit,Guatemala - Guatemala,"https://www.google.com/maps/place/Centro+Comercial+Century+Plaza/@14.5847303,-90.5282579,15z/data=!4m5!3m4!1s0x8589a3ddd91eeb05:0x806062e8ba47e6e1!8m2!3d14.5901204!4d-90.5209146","geo:14.58998,-90.52086?z=19",14.58998,-90.52086,"(14.58998, -90.52086)"
29,30,Boom Kettlebell Plaza Varietá,Blvd. Landívar Zona 16,502.0,23339772,https://www.boomgym.com/,"Nuestro personal es altamente capacitado con certificados obtenidos en los EEUU. Contamos con herramientas nunca antes vistas en Guatemala para mejorar la condición física. 

Boom Kettlebell incrementa la flexibilidad, fuerza y tonifica los músculos. Fortalece las articulaciones convirtiéndolo en una excelente herramienta para cualquier deporte o terapia de recuperación de lesiones, además de ser excelente para tratar y corregir la espalda y postura en general.",Crossfit,Guatemala - Guatemala,"https://www.google.com/maps/place/Banco+Industrial/@14.6092788,-90.4992235,15z/data=!3m1!4b1!4m5!3m4!1s0x8589a3ab004eb84b:0xfabc57beac09d9bc!8m2!3d14.609279!4d-90.4904687","geo:14.60920,-90.49048?z=19",14.6092,-90.49048,"(14.6092, -90.49048)"
30,31,Boom Kettlebell-Zona 15,Plaza Comercial Punto 15 - 2 calle blvd vista hermosa 23-51 zona 15,502.0,23395844,https://www.boomgym.com/,"En Boom Kettlebell-Gym Carretera a El Salvador nuestro personal está altamente capacitado con certificados obtenidos en los EEUU. Contamos con herramientas nunca antes vistas en Guatemala para mejorar la condición física. 

Boom Kettlebell-Gym Carretera a El Salvador es la herramienta mas rústica, efectiva y exigente del planeta. Se enfoca en crear resistencia, moldeando y fortaleciendo casi todos los músculos del cuerpo. Incrementa flexibilidad, fuerza y tonifica los músculos.",Crossfit,Guatemala - Guatemala,"https://www.google.com/maps/place/Boom+Kettlebell-Gym/@14.5832395,-90.5088124,14z/data=!4m8!1m2!2m1!1sBoom+Kettlebell-Gym+Carretera+a+El+Salvador!3m4!1s0x0:0xf97f9484a95fdc27!8m2!3d14.5850734!4d-90.4861128","geo:14.58454,-90.48556?z=19",14.58454,-90.48556,"(14.58454, -90.48556)"
31,32,Boom Kettlebell-Gym Majadas,"Plazas Outlet, Majadas",502.0,24737794,https://www.boomgym.com/,"En Boom Kettlebell-Gym Majadas nuestro personal es altamente capacitado con certificados obtenidos en los EEUU. Contamos con herramientas nunca antes vistas en Guatemala para mejorar la condición física. 

Boom Kettlebell-Gym Majadas es la herramienta mas rústica, efectiva y exigente del planeta. Se enfoca en crear resistencia, moldeando y fortaleciendo casi todos los músculos del cuerpo. Incrementa flexibilidad, fuerza y tonifica los músculos.",Crossfit,Guatemala - Guatemala,"https://www.google.com/maps/place/Las+Plazas+Majadas/@14.6222578,-90.5712918,15z/data=!3m1!4b1!4m5!3m4!1s0x8589a1ad427cce21:0x4661c553bf198bc6!8m2!3d14.622258!4d-90.562537","geo:14.62217,-90.56248?z=18",14.62217,-90.56248,"(14.62217, -90.56248)"
32,33,Boom Kettlebell-Gym Zona 10,"Boulevard Los Próceres, Plaza Las Cañas, Sótano 1",502.0,23373613,https://www.boomgym.com/,"En Boom Kettlebell-Gym Zona 10 nuestro personal es altamente capacitado con certificados obtenidos en los EEUU. Contamos con herramientas nunca antes vistas en Guatemala para mejorar la condición física. 

Boom Kettlebell-Gym Zona 10 es la herramienta mas rústica, efectiva y exigente del planeta. Se enfoca en crear resistencia, moldeando y fortaleciendo casi todos los músculos del cuerpo. Incrementa flexibilidad, fuerza y tonifica los músculos.",Crossfit,Guatemala - Guatemala,"https://www.google.com/maps/place/Boom+Kettlebell+Gym/@14.5832395,-90.5088124,14z/data=!4m8!1m2!2m1!1sboom+kettlebell+gym+majadas!3m4!1s0x0:0x90c2094ec169d77c!8m2!3d14.581403!4d-90.496493","geo:14.58151,-90.49617?z=19",14.58151,-90.49617,"(14.58151, -90.49617)"
33,34,Brau Athletics CrossFit,"Plaza Empresarial Muxbal, Santa Catarina Pinula",502.0,24419008,https://www.facebook.com/brauathletics/,Crossfit,Crossfit,Guatemala - Guatemala,"https://www.google.com/maps/place/Plaza+Empresarial+Muxbal/@14.5832395,-90.5088124,14z/data=!4m5!3m4!1s0x8589a309e1c4552f:0x5613910964de6a91!8m2!3d14.5698431!4d-90.4856201","geo:14.56308,-90.47228?z=19",14.56308,-90.47228,"(14.56308, -90.47228)"
34,35,Club Atletico Atenas,Diagonal 14. 22-06 Zona 5,502.0,23353680,http://www.clubatenas.com,,Gimnasios de Educación Física,Guatemala - Guatemala,"https://www.google.com/maps/place/Gimnasio+Atenas/@14.6252859,-90.5069738,15z/data=!3m1!4b1!4m5!3m4!1s0x8589a2453b084beb:0x127e0945d865a604!8m2!3d14.6252861!4d-90.498219","geo:14.62522,-90.49828?z=18",14.62522,-90.49828,"(14.62522, -90.49828)"
35,36,Core Yoga,1ra Avenida 11-50 zona 10,502.0,59665906,https://www.facebook.com/universocoreyoga/,Core Yoga es una plataforma de encuentro y exploración a través de la conexión entre el cuerpo y mente.  Practicamos diferentes estilos del yoga pero nos concentramos en el área sensorial para expandir el Kundalini y usar la energía conscientemente.,Yoga,Guatemala - Guatemala,"https://www.google.com/maps/place/Universo+Core/@14.6016793,-90.5243739,15z/data=!4m8!1m2!2m1!1s1ra+Avenida+11-50+zona+10+guatemala!3m4!1s0x8589a3cfc49b3c2d:0xdcb9de99b78232cd!8m2!3d14.6017763!4d-90.5156339","geo:14.60192,-90.51594?z=18",14.60192,-90.51594,"(14.60192, -90.51594)"
36,37,Cosenza Academy,C.C. la Plazoleta Km 18.9 Carretera A San José Pinula,502.0,66375035,www.cosenzaacademy.com,"Buscamos poder contribuir a la formación integral de tu familia.la única escuela certificada en Guatemala de Jiu-jitsu por la Gracie University de Torrance, California.
Ofrecemos programas certificados,  normados y acreditados en defensa personal Karate,  Gracie,  Jiu - Jitsu,  MMA,  ArtesMarciales Mixtas,  Defensa Para Mujeres,  Antibullying,  Defensa Para Niños,  Jiu - Jitsu para niños.Plan Débito Automático (Inscripción Gratis)",Artes Marciales,San José Pinula - Guatemala,"https://www.google.com/maps/place/Cosenza+Academy/@14.5447783,-90.4189167,15z/data=!3m1!4b1!4m5!3m4!1s0x8589bb147979a551:0xdab68263c97d8aff!8m2!3d14.5447785!4d-90.4101619","geo:14.54302,-90.43573?z=19",14.54302,-90.43573,"(14.54302, -90.43573)"
37,38,CrossFit 502 - Dinamia,"Dinamia Cayalá, Zona 16 ",502.0,23685013,https://www.facebook.com/CF502/,crossfit,Crossfit,Guatemala - Guatemala,"https://www.google.com/maps/place/Office+Depot+Dinamia+Cayal%C3%A1/@14.6104396,-90.4913717,15z/data=!3m1!4b1!4m5!3m4!1s0x8589a302176c66d9:0xf28c2b96ae767a45!8m2!3d14.6104398!4d-90.4826169","geo:14.61047,-90.48289?z=19",14.61047,-90.48289,"(14.61047, -90.48289)"
38,39,CrossFit 502 -Escala," C.C. Escala, Carretera a El Salvador",502.0,66373778,https://www.facebook.com/CF502/,crossfit,Crossfit,Guatemala - Guatemala,"https://www.google.com/maps/place/Centro+Comercial+Escala/@14.5592341,-90.4706406,15z/data=!3m1!4b1!4m5!3m4!1s0x8589a4a4307defe7:0x454b8065d7281a8!8m2!3d14.5592343!4d-90.4618858","geo:14.55822,-90.46277?z=19",14.55822,-90.46277,"(14.55822, -90.46277)"
39,40,CrossFit FD6,"Plaza Futeca, Zona 14 ",502.0,22136900,https://www.facebook.com/d6lifechangingfitness/,"Todos los entrenadores tienen certificación de CrossFit Level-1 Trainer por lo que cualquier persona puede tener la confianza que está siendo atendido por alguien capacitado.

Nos caracterizamos por ofrecer una atención profesional y personalizada y damos nuestro máximo esfuerzo por realizar entrenos divertidos, variados y efectivos. Estamos seguros que desde el primer entreno la persona sentirá los cambios de nuestra metodología a la de un gimnasio tradicional.",Crossfit,Guatemala - Guatemala,"https://www.google.com/maps/place/Crossfit+FD6+Z.14/@14.6022033,-90.6047275,12z/data=!4m8!1m2!2m1!1sCrossFit+FD6!3m4!1s0x8589a3e8dc58cdad:0xf5e617c6fad386d0!8m2!3d14.5836527!4d-90.5144054","geo:14.58219,-90.51554?z=19",14.58219,-90.51554,"(14.58219, -90.51554)"
40,41,Crossfit FD6," C.C. Miraflores, Zona 11",502.0,22253200,https://www.facebook.com/d6lifechangingfitness/,crossfit,Crossfit,Guatemala - Guatemala,"https://www.google.com/maps/place/Crossfit+FD6+Miraflores/@14.6021824,-90.6047276,12z/data=!4m8!1m2!2m1!1sCrossFit+FD6!3m4!1s0x8589a1af744da4e1:0x3c98f7bb70cb90c1!8m2!3d14.6207747!4d-90.5549686","geo:14.62162,-90.55290?z=19",14.62162,-90.5529,"(14.62162, -90.5529)"
41,42,CrossFit Habit,17 Avenida 24-45 Zona 11,502.0,55999990,http://www.crossfithabit.com/,"CrossFit es un programa de entrenamiento con ejercicios funcionales con entrenamientos de alta intensidad y corta duración. 

CrossFit HABIT nace con la idea de buscar moldear continuamente de manera segura, eficiente y eficaz la práctica de este deporte y aumentar la capacidad de trabajo de nuestros atletas a través del tiempo haciendo de CrossFit un estilo de vida.",Crossfit,Guatemala - Guatemala,"https://www.google.com/maps/place/Crossfit+Habit/@14.6045277,-90.5698451,15z/data=!3m1!4b1!4m5!3m4!1s0x8589a103cb823f49:0x9678a105b04a19b5!8m2!3d14.6045279!4d-90.5610903","geo:14.60444,-90.56084?z=18",14.60444,-90.56084,"(14.60444, -90.56084)"
42,43,CrossFit Spring City Once,"C.C. Via Majadas, Zona 11 ",502.0,24737396,http://www.crossfitspringcityonce.com/,Es un programa de fuerza y acondicionamiento físico cuya fórmula es “movimiento funcional con constante variación y ejecutado a alta intensidad”.,Crossfit,Guatemala - Guatemala,"https://www.google.com/maps/place/Via+Majadas,+Cdad.+de+Guatemala,+Guatemala/@14.6208767,-90.5689198,15z/data=!3m1!4b1!4m5!3m4!1s0x8589a1adc409025f:0xca2854b439f2f3f8!8m2!3d14.6208769!4d-90.560165","geo:14.62158,-90.55976?z=19",14.62158,-90.55976,"(14.62158, -90.55976)"
43,44,CrossFit Spring City Once," Expobodegas Petapa, Zona 12",502.0,24774632,http://www.crossfitspringcityonce.com/,Es un programa de fuerza y acondicionamiento físico cuya fórmula es “movimiento funcional con constante variación y ejecutado a alta intensidad”.,Crossfit,Guatemala - Guatemala,"https://www.google.com/maps/place/CrossFit+Spring+City+7/@14.5687916,-90.5570252,15z/data=!3m1!4b1!4m5!3m4!1s0x8589a13469dcdf9b:0x47f16fc6d641f248!8m2!3d14.5687918!4d-90.5482704","geo:14.56897,-90.54811?z=19",14.56897,-90.54811,"(14.56897, -90.54811)"
44,45,Curves Miraflores,Calzada Roosevelt 21 Avenida Zona 11,502.0,22697369,https://curveslatinoamerica.com/guatemala.html,"Curves trabaja los principales grupos musculares con un entrenamiento completo de 30 minutos que combina ejercicio de fuerza y actividad cardiovascular sostenida a través de equipos de resistencia hidráulica. 

Curves también trabaja para ayudar a las mujeres a perder peso, obtener fuerza muscular y capacidad aeróbica y aumentar el metabolismo con su innovador y científicamente probado método que termina con la necesidad de dietas permanentes. 

Gary y Diane Heavin fundadores son considerados como innovadores del fenómeno que ha facilitado ejercitarse a más de 4 millones de mujeres en todo el mundo, muchas de las cuales están en el gimnasio por primera vez. Con 10.000 clubs en 89 países, Curves es la franquicia de fitness más grande del mundo.","Pilates, Yoga, Zumba",Guatemala - Guatemala,"https://www.google.com/maps/place/Centro+Comercial+Miraflores/@14.621449,-90.5901343,13z/data=!4m8!1m2!2m1!1scalzada+roosvelt+21+avenida+zona+11!3m4!1s0x0:0xa26cbe7b9f7a7385!8m2!3d14.6212919!4d-90.5531037","geo:14.62132,-90.55373?z=18",14.62132,-90.55373,"(14.62132, -90.55373)"
45,46,Curves Zona 15,"1a. Calle 22-13 Zona 15, Vista Hermosa II",502.0,23692622,https://curveslatinoamerica.com/guatemala.html,"Curves trabaja los principales grupos musculares con un entrenamiento completo de 30 minutos que combina ejercicio de fuerza y actividad cardiovascular sostenida a través de equipos de resistencia hidráulica. 

Curves también trabaja para ayudar a las mujeres a perder peso, obtener fuerza muscular y capacidad aeróbica y aumentar el metabolismo con su innovador y científicamente probado método que termina con la necesidad de dietas permanentes. 

Gary y Diane Heavin fundadores son considerados como innovadores del fenómeno que ha facilitado ejercitarse a más de 4 millones de mujeres en todo el mundo, muchas de las cuales están en el gimnasio por primera vez. Con 10.000 clubs en 89 países, Curves es la franquicia de fitness más grande del mundo.","Yoga, Zumba Pilates",Guatemala - Guatemala,"https://www.google.com/maps/place/Gimnasio+Curves/@14.5881748,-90.4996698,15z/data=!3m1!4b1!4m5!3m4!1s0x8589a39f7d2e5555:0x6890f567796f4caa!8m2!3d14.588175!4d-90.490915","geo:14.58824,-90.49081?z=17",14.58824,-90.49081,"(14.58824, -90.49081)"
46,47,Cy Sport,11 Avenida,502.0,25082017,https://www.facebook.com/cysportgym/,Gimnasio,Pesas ,Guatemala - Guatemala,"https://www.google.com/maps/place/Plaza+Villa+Nueva/@14.5331361,-90.5938251,15z/data=!3m1!4b1!4m5!3m4!1s0x8589a76c5683d0e5:0x875861392309da!8m2!3d14.5331363!4d-90.5850703","geo:14.65861,-90.58899?z=18",14.65861,-90.58899,"(14.65861, -90.58899)"
47,48,Dance Studio,18 Calle 23-30 Zona 10 Plaza Decorisima Local 18,502.0,23665684,https://www.facebook.com/dancestudioguatemala/,"""Think it. Dream it. Dance it."" ¡Sé parte de Dance Studio! Visítanos en Deco City y Plaza Decorísima.",Baile,Guatemala - Guatemala,"https://www.google.com/maps/place/Plaza+Decor%C3%ADsima/@14.5825069,-90.5060998,15z/data=!3m1!4b1!4m5!3m4!1s0x8589a399fffad9cb:0xcc07e632b4121468!8m2!3d14.5825071!4d-90.497345","geo:14.58238,-90.49746?z=19",14.58238,-90.49746,"(14.58238, -90.49746)"
48,49,Dance Studio,"Deco City, Guatemala",502.0,23665684,https://www.facebook.com/dancestudioguatemala/,"""Think it. Dream it. Dance it."" ¡Sé parte de Dance Studio! Visítanos en Deco City y Plaza Decorísima.",Baile,,,"geo:14.49626,-90.48148?z=19",14.49626,-90.48148,"(14.49626, -90.48148)"
49,50,Dinamic Fitness - CENTRO 21,Calzada San Juan 21-14 ,502.0,22140707,https://dinamic.com.gt/,"Somos un nuevo tipo de gym, un lugar para ponerte en forma. ¡Un lugar para ser feliz!Nuestros programas de ejercicios están diseñados bajo una planificación de entrenamiento cardiovascular y de fuerza. Todo con un soporte científico que garantiza que obtendrás resultados de forma segura.",Pesas,Guatemala - Guatemala,"https://www.google.com/maps/place/Centro+21/@14.6264103,-90.5606009,15z/data=!3m1!4b1!4m5!3m4!1s0x8589a13ee7148155:0x74dbad336e5ab1c2!8m2!3d14.6264105!4d-90.5518461","geo:14.62643,-90.55141?z=18",14.62643,-90.55141,"(14.62643, -90.55141)"
50,51,Dinamic Fitness - FORUM ZONA 10,3ra ave 10-80 Zona 10 Edificio Forum Zona Viva Local 201,502.0,22140707,https://dinamic.com.gt/,"Somos un nuevo tipo de gym, un lugar para ponerte en forma. ¡Un lugar para ser feliz!Nuestros programas de ejercicios están diseñados bajo una planificación de entrenamiento cardiovascular y de fuerza. Todo con un soporte científico que garantiza que obtendrás resultados de forma segura.",Pesas,Guatemala - Guatemala,"https://www.google.com/maps/place/Dinamic+Fitness+Forum+Zona+viva/@14.6024819,-90.5221578,15z/data=!3m1!4b1!4m5!3m4!1s0x8589a3d895c196f1:0x10fadd0fc49d81c3!8m2!3d14.6024821!4d-90.513403","geo:14.60253,-90.51353?z=18",14.60253,-90.51353,"(14.60253, -90.51353)"
51,52,Dinamic Fitness - PASAJE NARANJO,10 avenida 18-58 zona 4 de mixco Condado Naranjo. C.C. Pasaje Naranjo,502.0,22140707,https://dinamic.com.gt/,"Somos un nuevo tipo de gym, un lugar para ponerte en forma. ¡Un lugar para ser feliz!Nuestros programas de ejercicios están diseñados bajo una planificación de entrenamiento cardiovascular y de fuerza. Todo con un soporte científico que garantiza que obtendrás resultados de forma segura.",Pesas,Guatemala - Guatemala,"https://www.google.com/maps/place/Pasaje+Naranjo/@14.6559569,-90.5517893,15z/data=!3m1!4b1!4m5!3m4!1s0x8589a1e040effd7f:0x17fdb5db0d3f470e!8m2!3d14.6559571!4d-90.5430345","geo:14.65602,-90.54299?z=17",14.65602,-90.54299,"(14.65602, -90.54299)"
52,53,Dinamic Fitness - ROOSEVELT,C.C. Gran Vía Roosevelt Local 31,502.0,22430000,https://dinamic.com.gt/,"Somos un nuevo tipo de gym, un lugar para ponerte en forma. ¡Un lugar para ser feliz!Nuestros programas de ejercicios están diseñados bajo una planificación de entrenamiento cardiovascular y de fuerza. Todo con un soporte científico que garantiza que obtendrás resultados de forma segura.",Pesas,Guatemala - Guatemala,"https://www.google.com/maps/place/Dinamic+Fitness+Roosevelt/@14.6248775,-90.5606726,15z/data=!3m1!4b1!4m5!3m4!1s0x8589a1bae39d1011:0xe654be23882cd43b!8m2!3d14.6248777!4d-90.5519178","geo:14.62455,-90.55242?z=18",14.62455,-90.55242,"(14.62455, -90.55242)"
53,54,Dinamic Fitness - VILLA HERMOSA,Centro Comercial Pacific Villa Hermosa,502.0,22140505,https://dinamic.com.gt/,"Somos un nuevo tipo de gym, un lugar para ponerte en forma. ¡Un lugar para ser feliz!Nuestros programas de ejercicios están diseñados bajo una planificación de entrenamiento cardiovascular y de fuerza. Todo con un soporte científico que garantiza que obtendrás resultados de forma segura.",Pesas,Guatemala - Guatemala,"https://www.google.com/maps/place/Pacific+villa+hermosa/@14.5253591,-90.5621666,15z/data=!3m1!4b1!4m5!3m4!1s0x8589a7a91b6406e3:0x282833669a094419!8m2!3d14.5253593!4d-90.5534118","geo:14.52505,-90.55325?z=19",14.52505,-90.55325,"(14.52505, -90.55325)"
54,55,Dinamic Fitness - ZONA PORTALES,3ra. Av. 10-10 Zona 17 km. 4.5 Ruta al Atlantico Zona Portales,502.0,22171111,https://dinamic.com.gt/,"Somos un nuevo tipo de gym, un lugar para ponerte en forma. ¡Un lugar para ser feliz!Nuestros programas de ejercicios están diseñados bajo una planificación de entrenamiento cardiovascular y de fuerza. Todo con un soporte científico que garantiza que obtendrás resultados de forma segura.",Pesas,Guatemala - Guatemala,"https://www.google.com/maps/place/Dinamic+Fitness+Portales/@14.646914,-90.4917484,15z/data=!3m1!4b1!4m5!3m4!1s0x8589a32223495f6f:0xd03bda381450c21b!8m2!3d14.6469142!4d-90.4829936","geo:14.64574,-90.48184?z=19",14.64574,-90.48184,"(14.64574, -90.48184)"
55,56,Equinox Gym Santa Amelia,"Blvd. Hospital Militar 13-27, Zona 16",502.0,22610572,https://directorio.guatemala.com/listing_reports.php?report=website&id=288,"Equinox Gym es más que un gimnasio, es un estilo de vida. Con tres sucursales en las áreas más importantes del país, Equinox espera satisfacer a todos sus clientes con excelentes resultados.",Pesas,Guatemala - Guatemala,"https://www.google.com/maps/place/Centro+Comercial+Santa+Amelia/@14.6469113,-90.5180132,13z/data=!4m8!1m2!2m1!1ssanta+amelia!3m4!1s0x8589a2e8fc8ea9b3:0x3260c4f090cd8278!8m2!3d14.6250522!4d-90.4714391","geo:14.62604,-90.47016?z=19",14.62604,-90.47016,"(14.62604, -90.47016)"
56,57,Escuela Cubana de Baile,Bulevar Vista Hermosa 2a. calle 14-85 zona 15,502.0,23695571,https://es-la.facebook.com/Escuela-Cubana-de-Baile-110562958135/,"La Escuela Cubana de Baile es un espacio perfecto para aprender a bailar ritmos latinos. Salsa, merengue, bachata, baile en parejas y mucho más. Lo mejor es que son clases personalizadas con muchos ritmos que seguro te encantarán. Cuentan con distintos niveles y podrás aprender el baile en parejas.",Baile,Guatemala - Guatemala,"https://www.google.com/maps/place/Escuela+Cubana+de+Baile/@14.6046467,-90.5096162,15z/data=!3m1!4b1!4m5!3m4!1s0x8589a3b16a2fd8a3:0xa422358d8a21aa75!8m2!3d14.6046469!4d-90.5008614","geo:14.60466,-90.50085?z=18",14.60466,-90.50085,"(14.60466, -90.50085)"
57,58,Estudio Internacional Awalim Danza Árabe,"3ra calle, 3-59 zona 1 La casona",502.0,52802307,https://www.facebook.com/AwalimInternacional/?ref=page_internal,Espacio internacional para el aprendizaje de la Danza Árabe. Único en Centro América con las mejores experiencias e intercambios culturales en el exterior.,Baile,Guatemala - Guatemala,"https://www.google.com/maps/place/Centro+Cultural+%22La+Casona%22/@14.6463551,-90.5241979,15z/data=!3m1!4b1!4m5!3m4!1s0x8589a2101e81e7dd:0x2f6df23911930837!8m2!3d14.6463553!4d-90.5154431","geo:14.64650,-90.51538?z=18",14.6465,-90.51538,"(14.6465, -90.51538)"
58,59,Evolution Gym,"Calle Martí, 8a Av zona 2",502.0,25036868,https://www.facebook.com/evolutionenergym/,Gym ,Pesas,Puerto Barrios - Izabal,"https://www.google.com/maps/place/Evolution+Energym/@14.6513959,-90.51198,17.52z/data=!4m5!3m4!1s0x8589a20c6dbf8819:0x639b380e2acda09!8m2!3d14.6515681!4d-90.5102041","geo:14.65151,-90.51018?z=18",14.65151,-90.51018,"(14.65151, -90.51018)"
59,60,Exerzone,"Blvd. San Cristóbal, 5a. Avenida 3-05 Sector A-3",502.0,22465555,https://www.facebook.com/exerzone/,"Health, fun and fitness! Comienza una nueva vida en Exerzone, el gimnasio que te ofrece salud, diversión y mucho más. Clases de baile, aeróbicos, zumba, insanity, pilates, pole dance y otras actividades para ti.","Pesas, Baile",Guatemala - Guatemala,"https://www.google.com/maps/place/Exerzone/@14.6129942,-90.6106184,15z/data=!3m1!4b1!4m5!3m4!1s0x85890a80224c197f:0xb88037363aa65ccf!8m2!3d14.6129944!4d-90.6018636","geo:14.61295,-90.60181?z=18",14.61295,-90.60181,"(14.61295, -90.60181)"
60,61,Fed. Nac. De Tenis De Campo De Guatemala,3 Calle 16-75 Zona 15 Colonia Minerva,502.0,23698771,https://www.fedetenisguate.com/,Tenis,Tenis,Guatemala - Guatemala,"https://www.google.com/maps/place/Federaci%C3%B3n+Nacional+de+Tennis+de+Guatemala/@14.6025577,-90.506145,15z/data=!3m1!4b1!4m5!3m4!1s0x8589a3afd5e578e7:0x59741c091facc354!8m2!3d14.6025579!4d-90.4973902","geo:14.60224,-90.49769?z=17",14.60224,-90.49769,"(14.60224, -90.49769)"
61,62,Federación Nacional De Ajedrez De Guatemala,Av 10 A 25-01 Z 5,502.0,23608267,http://www.ajedrezfenag.com/,Ajedrez,Ajedrez,Guatemala - Guatemala,"https://www.google.com/maps/place/Federacion+Nacional+de+Ajedrez+Guatemala/@14.6239389,-90.5187886,15z/data=!3m1!4b1!4m5!3m4!1s0x8589a239db30c07b:0x65919102ec61df47!8m2!3d14.6239391!4d-90.5100338","geo:14.62408,-90.51017?z=18",14.62408,-90.51017,"(14.62408, -90.51017)"
62,63,Federacion Nacional De Baloncesto,Gimnasio Nacional Teodoro Palacios Flores Z.5,502.0,23619851,http://www.fnbg.com.gt/,Baloncesto,Baloncesto,Guatemala - Guatemala,"https://www.google.com/maps/place/Gimnasio+Teodoro+Palacios+Flores,+Cdad.+de+Guatemala,+Guatemala/@14.6231655,-90.5188091,15z/data=!3m1!4b1!4m5!3m4!1s0x8589a2376297e9f1:0x9fe3d4ab96106e3a!8m2!3d14.6230676!4d-90.5102778","geo:14.52347,-90.56876?z=19",14.52347,-90.56876,"(14.52347, -90.56876)"
63,64,Federación Nacional De Beisbol,Av Simeon Cañas Final Zona 2,502.0,22541119,https://www.facebook.com/FedebeisGuate/,Beisbol,Beisbol,Guatemala - Guatemala,"https://www.google.com/maps/place/Enrique+Trapo+Torrebiarte,+Cdad.+de+Guatemala,+Guatemala/@14.6594384,-90.5116038,17.28z/data=!4m8!1m2!2m1!1sfinal+avenida+simeon+ca%C3%B1as+zona+2!3m4!1s0x858998a0facf39bd:0x55f1dab2ab3a2d3!8m2!3d14.6607765!4d-90.51013","geo:14.66075,-90.51011?z=19",14.66075,-90.51011,"(14.66075, -90.51011)"
64,65,Federación Nacional De Boxeo De Guatemala,24 Cl Palacio De Los Deportes 9-31 Zona 4,502.0,23618263,https://www.guatemalaboxeo.com.gt/,Boxeo,Boxeo,Guatemala - Guatemala,"https://www.google.com/maps/place/CDAG/@14.6233809,-90.5214317,15z/data=!3m1!4b1!4m5!3m4!1s0x8589a23a0ac615f9:0xc255d05a9437fb96!8m2!3d14.6233811!4d-90.5126769","geo:14.62289,-90.51273?z=19",14.62289,-90.51273,"(14.62289, -90.51273)"
65,66,Federacion Nacional De Ciclismo De Guatemala,26 Cl 9-31 Z.5,502.0,23323979,http://fedeciclismogua.org/,Ciclismo,Ciclismo,Guatemala - Guatemala,"https://www.google.com/maps/place/Vel%C3%B3dromo+Nacional+de+Guatemala/@14.5955452,-90.5410631,15z/data=!4m8!1m2!2m1!1sFederacion+Nacional+De+Ciclismo+De+Guatemala!3m4!1s0x8589a1644804605f:0x5b966a441c8907ef!8m2!3d14.5955452!4d-90.5323084","geo:14.62328,-90.51261?z=18",14.62328,-90.51261,"(14.62328, -90.51261)"
66,67,Federación Nacional De Esgrima C.D.A.G.,12 Av 25 Cl Zona 5,502.0,23312680,https://www.esgrimaguatemala.gt/,Esgrima,Esgrima,Guatemala - Guatemala,"https://www.google.com/maps/place/CDAG/@14.6233809,-90.5214317,15z/data=!3m1!4b1!4m5!3m4!1s0x8589a23a0ac615f9:0xc255d05a9437fb96!8m2!3d14.6233811!4d-90.5126769","geo:14.62433,-90.50976?z=18",14.62433,-90.50976,"(14.62433, -90.50976)"
67,68,"Federacion Nacional De Natacion, Clavados, Polo Acuatico Y Nado Sincronizado",10 Av Z-4,502.0,23341075,http://www.fenadegua.gt,Natacion,Natacion,Guatemala - Guatemala,"https://www.google.com/maps/place/FEDERACION+DE+NATACION+ZONA+15/@14.6026979,-90.5345333,13z/data=!4m8!1m2!2m1!1sFederacion+Nacional+De+Natacion,+Clavados,+Polo+Acuatico+Y+Nado+Sincronizado!3m4!1s0x0:0xdf14fde24e3e04d4!8m2!3d14.6027603!4d-90.4979253","geo:14.60224,-90.49769?z=17",14.60224,-90.49769,"(14.60224, -90.49769)"
68,69,Federación Nacional De Remo Y Canotaje De Guatemala,26 Cl 9-31 Zona 5,502.0,23393376,https://www.remoycanotajegt.com/,Remo ,Remo ,Guatemala - Guatemala,"https://www.google.com/maps/place/FEDERACION+NACIONAL+DE+REMO+Y+CANOTAJE+DE+GUATEMALA/@14.6239765,-90.5197708,15z/data=!3m1!4b1!4m5!3m4!1s0x8589a23a750d5793:0x5dff10b416461df2!8m2!3d14.6239767!4d-90.511016","geo:14.62404,-90.51091?z=18",14.62404,-90.51091,"(14.62404, -90.51091)"
69,70,Federación Nacional De Voleibol,Gimnasio 7 De Diciembre Zona 5,502.0,24344006,https://www.fedevoleibolguate.gt/,Voleibol,Voleibol,Guatemala - Guatemala,"https://www.google.com/maps/place/Federacion+Nacional+de+Voleibol/@14.6230628,-90.5196608,15z/data=!3m1!4b1!4m5!3m4!1s0x8589a237628abf63:0xdc2063ead9bb3ad4!8m2!3d14.623063!4d-90.510906","geo:14.62322,-90.51100?z=18",14.62322,-90.511,"(14.62322, -90.511)"
70,71,Federación Nacional de Gimnasia,"Edificio Polideportivo, Cdad. de Guatemala, Guatemala",502.0,23319757,https://www.federaciondegimnasiaguatemala.com/,Gimnasia,Gimnasia,,"https://www.google.com/maps/place/Federaci%C3%B3n+Nacional+De+Gimnasia/@14.6216185,-90.5149467,16.16z/data=!4m8!1m2!2m1!1sfederacion+!3m4!1s0x8589a23742428fcd:0xcd89f2306671c34f!8m2!3d14.6222843!4d-90.5105022","geo:14.62236,-90.51039?z=18",14.62236,-90.51039,"(14.62236, -90.51039)"
71,72,Federación Nacional de Tenis de Mesa,"Edificio Polideportivo, Cdad. de Guatemala, Guatemala",502.0,22960349,http://fntmg.com.gt/,Tenis de mesa,Tenis de mesa,,"https://www.google.com/maps/place/Federaci%C3%B3n+Nacional+de+Tenis+de+Mesa+de+Guatemala/@14.620465,-90.5134663,16.16z/data=!4m8!1m2!2m1!1sfederacion+!3m4!1s0x0:0x383e3267a71c2a48!8m2!3d14.6222859!4d-90.5097847","geo:14.62233,-90.50977?z=18",14.62233,-90.50977,"(14.62233, -90.50977)"
72,73,Federación Nacional de Billar,Estadio Doroteo Guamuch Flores,502.0,22500749,https://www.asobigua.org.gt/,Billar,Billar,,"https://www.google.com/maps/place/Estadio+Doroteo+Guamuch+Flores/@14.6204648,-90.5182988,15z/data=!4m8!1m2!2m1!1sfederacion+nacional+de+billar!3m4!1s0x0:0x1902c611b6c0d6b4!8m2!3d14.6257195!4d-90.5101749","geo:14.62580,-90.51085?z=18",14.6258,-90.51085,"(14.6258, -90.51085)"
73,74,FemmeFit,Diagonal 6 13-01 z. 10 Rooftop 2º nivel C.C Oakland Mall,502.0,51161142,https://femmefitstudio.com/,"En Femmefit nos especializamos en entrenamiento funcional para mujeres. Ofrecemos un programa completo basado en las más nuevas y efectivas tendencias de la industria del fitness, complementado con asesoría nutricional por expertas.",Funcional,,,"geo:14.59865,-90.50728?z=19",14.59865,-90.50728,"(14.59865, -90.50728)"
74,75,FemmeFit,"27 avenida 6-40 z.11 C.C Majadas Once, 2º nivel",502.0,51161256,https://femmefitstudio.com/,"En Femmefit nos especializamos en entrenamiento funcional para mujeres. Ofrecemos un programa completo basado en las más nuevas y efectivas tendencias de la industria del fitness, complementado con asesoría nutricional por expertas.",Funcional,,,"geo:14.62047,-90.56196?z=19",14.62047,-90.56196,"(14.62047, -90.56196)"
75,76,FemmeFit,"Av. Las Américas 14-28 z.13 Plaza Américas, local 101",502.0,51165692,https://femmefitstudio.com/,"En Femmefit nos especializamos en entrenamiento funcional para mujeres. Ofrecemos un programa completo basado en las más nuevas y efectivas tendencias de la industria del fitness, complementado con asesoría nutricional por expertas.",Funcional,,,"geo:14.58331,-90.52200?z=19",14.58331,-90.522,"(14.58331, -90.522)"
76,77,FemmeFit,"Boulevard Vista Hermosa II 2ª calle 17-88 z.15, Plaza Pacific, 2º nivel",502.0,51162599,https://femmefitstudio.com/,"En Femmefit nos especializamos en entrenamiento funcional para mujeres. Ofrecemos un programa completo basado en las más nuevas y efectivas tendencias de la industria del fitness, complementado con asesoría nutricional por expertas.",Funcional,,,"geo:14.59538,-90.49606?z=19",14.59538,-90.49606,"(14.59538, -90.49606)"
77,78,FemmeFit,"23 calle 14-50 z.4 Mixco C.C. Plaza Kalú, sótano 1",502.0,51165367,https://femmefitstudio.com/,"En Femmefit nos especializamos en entrenamiento funcional para mujeres. Ofrecemos un programa completo basado en las más nuevas y efectivas tendencias de la industria del fitness, complementado con asesoría nutricional por expertas.",Funcional,,,"geo:14.65100,-90.53983?z=19",14.651,-90.53983,"(14.651, -90.53983)"
78,79,FemmeFit,"Km. 9.5 Carretera a Muxbal, Vistas Muxbal Plaza, local 111",502.0,51167603,https://femmefitstudio.com/,"En Femmefit nos especializamos en entrenamiento funcional para mujeres. Ofrecemos un programa completo basado en las más nuevas y efectivas tendencias de la industria del fitness, complementado con asesoría nutricional por expertas.",Funcional,,,"geo:14.55917,-90.47301?z=17",14.55917,-90.47301,"(14.55917, -90.47301)"
79,80,FemmeFit,"Boulevard San Cristobal I, 3ª calle 9-32 Sector A-2 zona 8 Mixco, Plaza Blú 2º nivel",502.0,51161798,https://femmefitstudio.com/,"En Femmefit nos especializamos en entrenamiento funcional para mujeres. Ofrecemos un programa completo basado en las más nuevas y efectivas tendencias de la industria del fitness, complementado con asesoría nutricional por expertas.",Funcional,,,"geo:14.60876,-90.58926?z=19",14.60876,-90.58926,"(14.60876, -90.58926)"
80,81,Fight Club,24 ave 47-64 zona 12 Prados de Monte Maria,502.0,45220530,https://www.facebook.com/fightclub.guatemala,"La cualidad dual de Fight Club Guatemala le define como un ejército y una familia donde cada miembro es valioso y estimado; desde el más pequeño, hasta el más grande. El sentido de pertenencia y la solidaridad que se vive en Fight Club es singular.

Fight Club Guatemala es una organización de Artes Marciales Mixtas establecida en diciembre de 1,999, como una sucursal de Grizzly Gym International.",Artes Marciales,Guatemala - Guatemala,"https://www.google.com/maps/place/Fight+Club+Guatemala/@14.5672602,-90.568837,15z/data=!3m1!4b1!4m5!3m4!1s0x8589a12b0cd170bd:0x1a75963f47c7d756!8m2!3d14.5672604!4d-90.5600822","geo:14.56723,-90.56008?z=17",14.56723,-90.56008,"(14.56723, -90.56008)"
81,82,Fitness One - Cayalá,Diagonal 35 Boulevard Austriaco 16-25 Zona 16 Cardales de Cayalá.,502.0,24914333,https://fitnessone.com.gt/,"Todo lo que necesitas para transformar tu vida y tu cuerpo, las mejores ubicaciones, personal capacitado para hacer del ejercicio parte de tu vida.","Pesas, Natacion",Guatemala - Guatemala,"https://www.google.com/maps/place/Fitness+One+Cayal%C3%A1/@14.6119898,-90.491354,15z/data=!3m1!4b1!4m5!3m4!1s0x8589a2fdf1226043:0x6da0ebba1157c760!8m2!3d14.61199!4d-90.4825992","geo:14.61204,-90.48306?z=19",14.61204,-90.48306,"(14.61204, -90.48306)"
82,83,Fitness One - Pradera,Boulevar Los Próceres 25-74 Zona 10,502.0,24236000,https://fitnessone.com.gt/,"Todo lo que necesitas para transformar tu vida y tu cuerpo, las mejores ubicaciones, personal capacitado para hacer del ejercicio parte de tu vida.","Pesas, Natacion",Guatemala - Guatemala,"https://www.google.com/maps/place/Fitness+One+Pradera/@14.5790628,-90.5032207,15z/data=!3m1!4b1!4m5!3m4!1s0x8589a39b0f7c8021:0x16866d9858c90363!8m2!3d14.579063!4d-90.4944659","geo:14.57910,-90.49445?z=18",14.5791,-90.49445,"(14.5791, -90.49445)"
83,84,Fitness One - RUS,Calzada Roosevelt 12-76 zona 7 C.C. RUS,502.0,22262226,https://fitnessone.com.gt/,"Todo lo que necesitas para transformar tu vida y tu cuerpo, las mejores ubicaciones, personal capacitado para hacer del ejercicio parte de tu vida.","Pesas, Natacion",Guatemala - Guatemala,"https://www.google.com/maps/place/Fitness+One+Roosevelt/@14.579021,-90.6345521,11z/data=!4m8!1m2!2m1!1sfitness+one+russ!3m4!1s0x8589a1e1ff2b1159:0xe4edae1d37a2440a!8m2!3d14.6224274!4d-90.5500643","geo:14.62265,-90.54988?z=18",14.62265,-90.54988,"(14.62265, -90.54988)"
84,85,Fitness One - Sankris Mall,3ra. Calle Sector A-3 Boulevard San Cristóbal 6-72 Zona 8 de Mixco,502.0,24244848,https://fitnessone.com.gt/,"Todo lo que necesitas para transformar tu vida y tu cuerpo, las mejores ubicaciones, personal capacitado para hacer del ejercicio parte de tu vida.",Pesas,Guatemala - Guatemala,"https://www.google.com/maps/place/Fitness+One+San+Crist%C3%B3bal/@14.6114021,-90.606463,15z/data=!3m1!4b1!4m5!3m4!1s0x8589a088632dc347:0xc6f01f942f9f226d!8m2!3d14.6114023!4d-90.5977082","geo:14.61146,-90.59780?z=19",14.61146,-90.5978,"(14.61146, -90.5978)"
85,86,Full Contact Studio,2 Calle 10-06 Zona 1,502.0,22326575,https://www.facebook.com/FullContactStudio/,Evaluacion Física y Supervision Constante sin Limite de tiempo,Pesas,Guatemala - Guatemala,"https://www.google.com/maps/place/Gimnasio+Full+Contact+Studio/@14.6461472,-90.5173697,15z/data=!3m1!4b1!4m5!3m4!1s0x8589a2129b458345:0x99ed6bbb329ed060!8m2!3d14.6461474!4d-90.5086149","geo:14.64615,-90.50867?z=18",14.64615,-90.50867,"(14.64615, -90.50867)"
86,87,AERO Pole Fitness Studio,17 calle zona 10,502.0,47697911,https://www.facebook.com/aeropolefitness/about/?ref=page_internal,"AERO el mas completo Pole Fitness Studio en Guatemala, creado por Gaby Borrayo",Pole Fitness,Guatemala - Guatemala,"https://www.google.com/maps/place/15+Avenida+1216,+Cdad.+de+Guatemala,+Guatemala/@14.6122202,-90.5610531,15z/data=!3m1!4b1!4m5!3m4!1s0x8589a1a79a5251b1:0xf8ec51bec9502d90!8m2!3d14.6122204!4d-90.5522983","geo:14.58918,-90.50070?z=19",14.58918,-90.5007,"(14.58918, -90.5007)"
87,88,Futeca Gym - Miraflores,"22 avenida, 7ma. calle zona 11, Paseo Miraflores",502.0,22253200,https://futecagym.com/,"Futeca Gym, es un gimnasio que nace en el 2010. Enfocado en mejorar la calidad de vida de sus socios, a través del ejercicio, una buena alimentación y la creación de comunidades estrechas entre socios.","Pesas, Funcional, Baile, Crossfit",Guatemala - Guatemala,"https://www.google.com/maps/place/Futeca+Gym+Miraflores/@14.620572,-90.5641941,15z/data=!3m1!4b1!4m5!3m4!1s0x8589a1afa18f4f01:0x8879dbc17cf60d37!8m2!3d14.6205722!4d-90.5554393","geo:14.62155,-90.55494?z=18",14.62155,-90.55494,"(14.62155, -90.55494)"
88,89,Futeca Gym - Naranjo,"23 calle 10-00 Zona 4 Condado Naranjo , local 240 Naranjo Mall",502.0,41001310,https://futecagym.com/,"Futeca Gym, es un gimnasio que nace en el 2010. Enfocado en mejorar la calidad de vida de sus socios, a través del ejercicio, una buena alimentación y la creación de comunidades estrechas entre socios.","Pesas, Funcional, Baile, Crossfit",Guatemala - Guatemala,"https://www.google.com/maps/place/Futeca+Sport+GYM+El+Naranjo/@14.6205693,-90.5904589,13z/data=!4m8!1m2!2m1!1sfuteca+gym+naranjo!3m4!1s0x8589a13e109e4db3:0xce0c3d218fc704b7!8m2!3d14.6507597!4d-90.5430967","geo:14.65299,-90.54055?z=19",14.65299,-90.54055,"(14.65299, -90.54055)"
89,90,Futeca Gym - Portales,"CA-9 Norte Rural al Atlántico, 3-20, zona 17. Centro Comercial Portales, Local 255. Parqueo 2do Nivel",502.0,22147100,https://futecagym.com/,"Futeca Gym, es un gimnasio que nace en el 2010. Enfocado en mejorar la calidad de vida de sus socios, a través del ejercicio, una buena alimentación y la creación de comunidades estrechas entre socios.","Pesas, Funcional, Baile, Crossfit",Guatemala - Guatemala,"https://www.google.com/maps/place/Centro+Comercial+Portales+Guatemala/@14.6471278,-90.4904942,15z/data=!3m1!4b1!4m5!3m4!1s0x8589a2858b795577:0x148c20c396c75cd8!8m2!3d14.647128!4d-90.4817394","geo:14.64728,-90.48187?z=18",14.64728,-90.48187,"(14.64728, -90.48187)"
90,91,Futeca Gym - Pradera Concepción,"Km. 15.5 Carretera a El Salvador, Finca Concepción interior C.C. Pradera Concepción, Santa Catarina Pinula",502.0,66339866,https://futecagym.com/,"Futeca Gym, es un gimnasio que nace en el 2010. Enfocado en mejorar la calidad de vida de sus socios, a través del ejercicio, una buena alimentación y la creación de comunidades estrechas entre socios.","Pesas, Funcional, Baile, Crossfit, Natacion",Guatemala - Guatemala,"https://www.google.com/maps/place/Futeca+Sport+GYM+Pradera+Concepci%C3%B3n/@14.5534248,-90.4616518,15z/data=!3m1!4b1!4m5!3m4!1s0x8589a4b278ab1aa5:0xa25c7fabce00a124!8m2!3d14.553425!4d-90.452897","geo:14.55233,-90.45294?z=18",14.55233,-90.45294,"(14.55233, -90.45294)"
91,92,Futeca Gym - San Cristóbal,Blvd. Principal 19-65 sector B1 San Cristóbal zona 8 de Mixco,502.0,24796470,https://futecagym.com/,"Futeca Gym, es un gimnasio que nace en el 2010. Enfocado en mejorar la calidad de vida de sus socios, a través del ejercicio, una buena alimentación y la creación de comunidades estrechas entre socios.","Pesas, Funcional, Baile, Crossfit",Guatemala - Guatemala,"https://www.google.com/maps/place/Futeca+Sport+GYM+San+Cristobal/@14.5933628,-90.5866068,15z/data=!3m1!4b1!4m5!3m4!1s0x8589a0ebfd71da89:0xd449b29551590b92!8m2!3d14.593363!4d-90.577852","geo:14.59343,-90.57764?z=19",14.59343,-90.57764,"(14.59343, -90.57764)"
92,93,Futeca Gym - Zona 14,"10ma. Avenida 10-50 zona 14. Plaza Futeca, Local 21",502.0,22136900,https://futecagym.com/,"Futeca Gym, es un gimnasio que nace en el 2010. Enfocado en mejorar la calidad de vida de sus socios, a través del ejercicio, una buena alimentación y la creación de comunidades estrechas entre socios.","Pesas, Funcional, Baile, Crossfit",Guatemala - Guatemala,"https://www.google.com/maps/place/Futeca+Sport+Gym+Zona+14/@14.5933209,-90.7179382,11z/data=!4m8!1m2!2m1!1sfuteca+gym+zona+14!3m4!1s0x8589a3e8a508e5b3:0xebb704721f7b3be6!8m2!3d14.582708!4d-90.515705","geo:14.58306,-90.51556?z=19",14.58306,-90.51556,"(14.58306, -90.51556)"
93,94,Hacienda Nueva Country Club,Km 24.5 Ruta Nacional 18 San José Pinula Mataquescuintla,502.0,66281000,http://www.haciendanueva.gt,Club de golf,Golf,Guatemala - Guatemala,"https://www.google.com/maps/place/Hacienda+Nueva+Country+Club/@14.5392861,-90.4070474,15z/data=!3m1!4b1!4m5!3m4!1s0x8589bbbe7a914f37:0x741ebd72e7ab0aec!8m2!3d14.5392863!4d-90.3982926","geo:14.53787,-90.39726?z=19",14.53787,-90.39726,"(14.53787, -90.39726)"
94,95,Heroes Academy Guatemala,6a. avenida 3-39 zona 1,502.0,51322501,https://es-la.facebook.com/HeroesCompanyGT/,"Heroes Academy es una academia especializada y certificada internacionalmente por ""UPPSALA Loves Hip Hop"", de Suecia, en Street Dance. Lo mejor es que vas a encontrar clases de géneros urbanos como el Popping, Locking, Breaking, Krumping, House, Waacking, Vogue, Hip-Hop Old School y New Style, Jazz-Funk, Dancehall y Ragga Jam. ¡Te va a encantar!",Baile,Guatemala - Guatemala,"https://www.google.com/maps/place/6A+Avenida+339,+Cdad.+de+Guatemala,+Guatemala/@14.6450358,-90.5141724,18.26z/data=!4m5!3m4!1s0x8589a211c87ab2e7:0xb073449578d1f21b!8m2!3d14.6452706!4d-90.5134782","geo:14.64938,-90.51292?z=18",14.64938,-90.51292,"(14.64938, -90.51292)"
95,96,In Motion Dance & Fitness Guatemala,"8a. Calle 28-00, zona 11 interior Parque Comercial Las Majadas Local 37",502.0,42263000,http://www.inmotiongt.com/,In Motion Dance & Fitness es un centro muy completo para aprender a bailar y a la vez para ejercitarte de una manera muy entretenida. Cuentan con 10 años de experiencia y ofrecen desde danza árabe hasta clases grupales de bachata o salsa. Lo mejor es que ofrecen la opción de pagar por clase para que pruebes las distintas disciplinas. Sin duda te va a encantar.,Baile,Guatemala - Guatemala,"https://www.google.com/maps/place/In+Motion+Dance+%26+Fitness/@14.6216878,-90.5711508,15z/data=!3m1!4b1!4m5!3m4!1s0x8589a1ad46c4441d:0x13c6ecb7721cc2d5!8m2!3d14.621688!4d-90.562396","geo:14.62217,-90.56248?z=18",14.62217,-90.56248,"(14.62217, -90.56248)"
96,97,Invictus Performance Training,"8a. avenida 6-63, Zona 14",502.0,23671239,https://www.facebook.com/invictusperformance/,Crossfit,Crossfit,Guatemala - Guatemala,"https://www.google.com/maps/place/INVICTUS+Performance+Training/@14.5859324,-90.5220585,15z/data=!3m1!4b1!4m5!3m4!1s0x8589a3de053c6ac7:0xc2493d022bdedb0e!8m2!3d14.5859326!4d-90.5133037","geo:14.58590,-90.51316?z=19",14.5859,-90.51316,"(14.5859, -90.51316)"
97,98,Ka Synergy,9a. Calle 20-81 zona 14,502.0,23227777,http://guatemalakarate.com/,"Ka Synergy es un concepto de formación con artes marciales y fitness, para toda la familia. Hay programas apropiados para cada etapa del desarrollo.

Utilizamos la licencia Skillz y Hyper para nuestros programas de arte marcial dividiendo las etapas del desarrollo del alumno en edades y ventanas especificas",Artes Marciales,Guatemala - Guatemala,"https://www.google.com/maps/place/18+Calle+1551,+Cdad.+de+Guatemala,+Guatemala/@14.579892,-90.5329934,15z/data=!3m1!4b1!4m5!3m4!1s0x8589a3e25be0dd29:0x9567f2eeea7625af!8m2!3d14.5798922!4d-90.5242386","geo:14.57362,-90.52064?z=17",14.57362,-90.52064,"(14.57362, -90.52064)"
98,99,Metro Bowl,Cl 2 Bul Vista Hermosa 15-93 Zona 15,502.0,22432424,http://www.metrobowl.com.gt,,Boliche,Guatemala - Guatemala,"https://www.google.com/maps/place/Metro+Bowl/@14.6010065,-90.5072849,15z/data=!3m1!4b1!4m5!3m4!1s0x8589a3b06925d9e5:0x20f5a30ed7a4d228!8m2!3d14.6010067!4d-90.4985301","geo:14.60103,-90.49829?z=19",14.60103,-90.49829,"(14.60103, -90.49829)"
99,100,Micheo Boxing by Futeca Oakland Mall,"Diagonal 6, 13-01 zona 10",502.0,23365569,https://www.facebook.com/MicheoBoxing/,"En Micheo Boxing by Futeca somos una academia de boxeo diferente, ya que brindamos un servicio personalizado y tenemos el aval de la Federación Nacional de Boxeo de Guatemala. Contamos con el equipo completo y las instalaciones adecuadas para ti.

Nuestro objetivo es crear una condición fisica. Que nuestros estudiantes aprendan a boxear. Mejorar su estilo de vida, resistencia y fuerza. Eliminar estres y % de grasa",Boxeo,Guatemala - Guatemala,"https://www.google.com/maps/place/Oakland+Mall/@14.6010038,-90.5335497,13z/data=!4m8!1m2!2m1!1soakland+mall!3m4!1s0x8589a3c793b98d83:0xeef9af0a626eb633!8m2!3d14.5987057!4d-90.5076063","geo:14.59845,-90.50686?z=19",14.59845,-90.50686,"(14.59845, -90.50686)"
100,101,Monkey Business Calisthenics,"15 Avenida y 4a. Calle 3-15, Zona 14",502.0,22136900,https://www.facebook.com/MonkeyBusinessCalisthenics/,"En Monkey Business Calisthenics verás forma segura y divertida de ejercitarse, en la cual se utiliza únicamente el peso corporal como resistencia en los entrenos. Los movimientos principales son pullups, push ups, dips, squats, handstands, jumps. Los cuales pueden evolucionar a movimientos más complejos como el muscle up, planche, human flag front y back lever, entre muchos otros.",Calistenia,Guatemala - Guatemala,"https://www.google.com/maps/place/Monkey+Business+Calisthenics/@14.58755,-90.5229046,15z/data=!3m1!4b1!4m5!3m4!1s0x8589a3e82d886539:0xf6473bed885a9f73!8m2!3d14.5875502!4d-90.5141498","geo:14.58326,-90.51504?z=18",14.58326,-90.51504,"(14.58326, -90.51504)"
101,102,New Time Crew,6 Avenida 3-39 Nivel 3 Zona 1,502.0,35102626,https://www.facebook.com/New-Time-Crew,"Compañía de danza que reside en Guatemala, que busca la integración de los estilos de danza para el movimiento, buscando la versatilidad en los géneros.",Baile,Guatemala - Guatemala,"https://www.google.com/maps/place/TrovaRock/@14.6456798,-90.515164,16.66z/data=!4m5!3m4!1s0x8589a211c620456f:0x2f1a04ae383afed5!8m2!3d14.6453673!4d-90.5133715","geo:14.64537,-90.51346?z=19",14.64537,-90.51346,"(14.64537, -90.51346)"
102,103,OB CrossFit,23 Calle 14-75 Zona 4,502.0,23330512,https://www.facebook.com/pages/OB-CrossFit/617814081698574?nr,"En OB CrossFit somos un centro de crossfit ubicado en Condado Naranjo de la Ciudad de Guatemala, contamos con las mejores instalaciones y el mejor equipo que hará que los resultados deseados se vean en muy poco tiempo.",Crossfit,Guatemala - Guatemala,"https://www.google.com/maps/place/OB+Crossfit/@14.65296,-90.547315,15z/data=!3m1!4b1!4m5!3m4!1s0x8589a1e40a909d0b:0x759a3f3cbc210ef6!8m2!3d14.6529602!4d-90.5385602","geo:14.65286,-90.53878?z=17",14.65286,-90.53878,"(14.65286, -90.53878)"
103,104,Okinawan Goju Ryu,Avenida Las Américas 17-16,502.0,23345697,http://okinawan-goju-ryu-guatemala.com/,"Okinawan Goju Ryu en Guatemala es dojo que desde 1987 enseña esta disciplina, dirigida por el Sensei Fernando Ramírez desde hace más de 23 años.

Sensei Ramirez obtuvo su cinta negra en 1977 bajo la guía y organización del Master Seikichi Toguchi, alumno directo de Master Chojun Miyagi. Sensei Ramirez viajó a Okinawa, China, India, Nepal. Aparte de karate, aprendió acupuntura y tai-chi-chuan estilo Chen.",Artes Marciales,Guatemala - Guatemala,"https://www.google.com/maps/search/Avenida+Las+Am%C3%A9ricas+17-16/@14.5773587,-90.5257858,17z/data=!3m1!4b1","geo:14.58211,-90.52243?z=18",14.58211,-90.52243,"(14.58211, -90.52243)"
104,105,Olé Flamenco En Guatemala,Centro Comercial San Cristobal,502.0,57707050,https://www.facebook.com/Ol%C3%A9-Escuela-de-Flamenco-en-Guatemala-115512448516923/,"Clases de flamenco y castañuelas para todas las edades en Guatemala. Ven a bailar, a vivir el flamenco, aprende a expresarte por medio del baile!",Baile,,"https://www.google.com/maps/place/Ol%C3%A9!+Escuela+De+Arte+Flamenco/@14.581349,-90.6327401,12z/data=!4m8!1m2!2m1!1sOl%C3%A9+Flamenco+guatemala!3m4!1s0x0:0x48c10e53e288ab31!8m2!3d14.5953161!4d-90.5795932","geo:14.59465,-90.57925?z=18",14.59465,-90.57925,"(14.59465, -90.57925)"
105,106,OM Yoga,6ta. Avenida 20-42 zona 10,502.0,23334310,http://www.omyogagt.com/home/,"Para OM Yoga, el yoga es el camino para evolucionar y dejar de sufrir. Vivimos en un mundo donde todo nos bloquea de la verdadera felicidad interna y al hacer yoga abrimos un espacio hacia nuevas posibilidades que nos da la vida.

Nuestro equipo está conformado por instructores y asistentes capacitados para asistirte y ayudarte en el camino que hoy inicias en OM. Cada profesor lleno de luz, está certificado en su estilo de yoga para servirte como un guía en tu práctica personal al entrar por las puertas de nuestro estudio.",Yoga,Guatemala - Guatemala,"https://www.google.com/maps/place/Om+Yoga+Vista+Hermosa/@14.5860981,-90.4960992,15z/data=!3m1!4b1!4m5!3m4!1s0x8589a3757baaa8cd:0x1ac7023aea730c30!8m2!3d14.5860983!4d-90.4873444","geo:14.59021,-90.51264?z=19",14.59021,-90.51264,"(14.59021, -90.51264)"
106,107,OM Yoga,Design Center,502.0,23334310,http://www.omyogagt.com/home/,"Para OM Yoga, el yoga es el camino para evolucionar y dejar de sufrir. Vivimos en un mundo donde todo nos bloquea de la verdadera felicidad interna y al hacer yoga abrimos un espacio hacia nuevas posibilidades que nos da la vida.

Nuestro equipo está conformado por instructores y asistentes capacitados para asistirte y ayudarte en el camino que hoy inicias en OM. Cada profesor lleno de luz, está certificado en su estilo de yoga para servirte como un guía en tu práctica personal al entrar por las puertas de nuestro estudio.",Yoga,,"https://www.google.com/maps/place/Om+Yoga+Guatemala/@14.5902727,-90.5215778,15z/data=!3m1!4b1!4m5!3m4!1s0x8589a3eaa83ddb13:0xba0ec347c32568e6!8m2!3d14.5902729!4d-90.512823","geo:14.59915,-90.50880?z=19",14.59915,-90.5088,"(14.59915, -90.5088)"
107,108,Partido,2A. Calle 36-369 Z.7,502.0,24394388,https://www.facebook.com/apasionadosporlachamusk/about,,Futbol,Guatemala - Guatemala,"https://www.google.com/maps/place/Partido/@14.6349152,-90.5746497,15z/data=!3m1!4b1!4m5!3m4!1s0x8589a0357fbd3415:0x3e641f851d80aae1!8m2!3d14.6349154!4d-90.5658949","geo:14.63492,-90.56557?z=17",14.63492,-90.56557,"(14.63492, -90.56557)"
108,109,Poltec - CC ASIA MALL (ROOSEVELT),Calzada Roosevelt 13-88,502.0,24743214,http://www.poltecgym.com/,"El ejercicio es parte importante de un estilo de vida saludable. El ejercicio previene los problemas de salud, desarrolla resistencia, brinda más energía y puede ayudar a reducir el estrés.",Pesas,Guatemala - Guatemala,"https://www.google.com/maps/place/Asia+Mall,+Calzada+Roosevelt+13-88,+Cdad.+de+Guatemala+01007,+Guatemala/@14.6234446,-90.5594861,15z/data=!3m1!4b1!4m5!3m4!1s0x8589a1a4cd058b8d:0x28348cac76ef1734!8m2!3d14.6234313!4d-90.5508237","geo:14.62333,-90.55082?z=19",14.62333,-90.55082,"(14.62333, -90.55082)"
109,110,Poltec - CC EL FARO,"Km. 17.9 Carretera a San Jose Pinula, Centro Comercial Local 14, El Faro",502.0,66374927,http://www.poltecgym.com/,"El ejercicio es parte importante de un estilo de vida saludable. El ejercicio previene los problemas de salud, desarrolla resistencia, brinda más energía y puede ayudar a reducir el estrés.",Pesas,Guatemala - Guatemala,"https://www.google.com/maps/place/Megapaca+El+Faro/@14.5372688,-90.4627386,14.3z/data=!4m8!1m2!2m1!1skm+17.9+carretera+a+san+jose+pinula!3m4!1s0x8589bb49f3f35ab5:0x86aec38e86040e4b!8m2!3d14.5429823!4d-90.4452045","geo:14.54258,-90.44485?z=19",14.54258,-90.44485,"(14.54258, -90.44485)"
110,111,Poltec - CC GRAN PORTAL PETAPA,"45 Calle 19-40, zona 12, C. C. Gran Portal Petapa ",502.0,24603185,http://www.poltecgym.com/,"El ejercicio es parte importante de un estilo de vida saludable. El ejercicio previene los problemas de salud, desarrolla resistencia, brinda más energía y puede ayudar a reducir el estrés.",Pesas,Guatemala - Guatemala,"https://www.google.com/maps/place/Centro+Comercial+Gran+Portal+Petapa/@14.5700492,-90.5578678,15z/data=!3m1!4b1!4m5!3m4!1s0x8589a13404349869:0xf607f0c6d8ac74e0!8m2!3d14.5700494!4d-90.549113","geo:14.57011,-90.54902?z=18",14.57011,-90.54902,"(14.57011, -90.54902)"
111,112,Poltec - CC METRONORTE,Km. 5 Carretera al Atlántico Zona 17,502.0,22560882,http://www.poltecgym.com/,"El ejercicio es parte importante de un estilo de vida saludable. El ejercicio previene los problemas de salud, desarrolla resistencia, brinda más energía y puede ayudar a reducir el estrés.",Pesas,Guatemala - Guatemala,"https://www.google.com/maps/place/Metronorte/@14.6473356,-90.4861922,15z/data=!3m1!4b1!4m5!3m4!1s0x8589a29a9335c127:0xc0f84c4f0197cc07!8m2!3d14.6473358!4d-90.4774374","geo:14.64714,-90.47784?z=19",14.64714,-90.47784,"(14.64714, -90.47784)"
112,113,Poltec - CC PLAZA SAN RAFAEL,Ruta al Atlántico CC. Plaza San Rafael Zona 18 ,502.0,22616391,http://www.poltecgym.com/,"El ejercicio es parte importante de un estilo de vida saludable. El ejercicio previene los problemas de salud, desarrolla resistencia, brinda más energía y puede ayudar a reducir el estrés.",Pesas,Guatemala - Guatemala,"https://www.google.com/maps/place/Plaza+San+Rafael+Atl%C3%A1ntico/@14.6536344,-90.4652618,15z/data=!3m1!4b1!4m5!3m4!1s0x8589a2a944f61d51:0x966d50e0fb5b0004!8m2!3d14.6536346!4d-90.456507","geo:14.65336,-90.45579?z=17",14.65336,-90.45579,"(14.65336, -90.45579)"
113,114,Poltec - CC SANTA CLARA,"Km. 17.5 Pacifico, Terreno #6, C.C. Santa Clara, Villa Nueva",502.0,66448279,http://www.poltecgym.com/,"El ejercicio es parte importante de un estilo de vida saludable. El ejercicio previene los problemas de salud, desarrolla resistencia, brinda más energía y puede ayudar a reducir el estrés.",Pesas,Guatemala - Guatemala,"https://www.google.com/maps/place/Centro+Comercial+Santa+Clara/@14.5306173,-90.6067896,15z/data=!3m1!4b1!4m5!3m4!1s0x8589a76339b1fa55:0x77d3ffcfe520c714!8m2!3d14.5306175!4d-90.5980348","geo:14.53072,-90.59810?z=19",14.53072,-90.5981,"(14.53072, -90.5981)"
114,115,Pure Yoga,Diagonal 35 Blvd. Austriaco,502.0,24914240,https://pureyogagt.com/,"El Yoga restablece el equilibrio, la simetría del cuerpo, aumenta la flexibilidad y reduce dolores. Únete a la familia de Pure Yoga y disfruta de una vida saludable.",Yoga,Guatemala - Guatemala,"https://www.google.com/maps/place/Pure+Yoga/@14.6119048,-90.4919407,15z/data=!3m1!4b1!4m5!3m4!1s0x8589a2fdfe4123f1:0xb0d903b50c3ed6b4!8m2!3d14.611905!4d-90.4831859","geo:14.61178,-90.48317?z=19",14.61178,-90.48317,"(14.61178, -90.48317)"
115,116,Ritmo y Sabor Guatemala,"4a. avenida, 16-24 zona 14",502.0,48002015,https://es-la.facebook.com/ritmoysaborgt/,"Ritmo y Sabor es una reconocida academia en donde enseñan a bailar distintos tipos de música. Desde salsa, bachata, rueda de casino, merengue, clases personalizadas para niños y mucho más. Lo mejor es que cuentan con horarios bastante amplios para que elijas el que mejor te quede. Además, ofrecen un pase completo para poder disfrutar de todas las clases de la academia, sin limitación.",Baile,Guatemala - Guatemala,"https://www.google.com/maps/place/Ritmo+y+Sabor+Guatemala/@14.5794688,-90.5291688,15z/data=!3m1!4b1!4m5!3m4!1s0x8589a3e13a9938c9:0xec5564f2370758ab!8m2!3d14.579469!4d-90.520414","geo:14.57965,-90.52022?z=18",14.57965,-90.52022,"(14.57965, -90.52022)"
116,117,Salsa in Motion Academy,"8 Calle 28-00, Zona 11 ",502.0,42151875,http://www.inmotiongt.com/,"Salsa in Motion Academy es la mejor academia de Baile & Fitness en Guatemala. Si lo que quieres es aprender a bailar, has venido al lugar correcto. Además de salsa, con nosotros también podrás aprender a bailar bachata y tomar clases de Zumba Fitness.

Salsa In Motion Academy es arte, pasión, crecimiento, movimiento y vida. Promovemos y buscamos desarrollar en las personas su estado físico, psicológico y dancístico por medio de la interpretación y expresión musical.",Baile ,Guatemala - Guatemala,"https://www.google.com/maps/search/8+Calle+28-00,+Zona+11,+Ciudad+de+Guatemala,+Guatemala/@14.6223133,-90.5712667,15z/data=!3m1!4b1","geo:14.62268,-90.56212?z=18",14.62268,-90.56212,"(14.62268, -90.56212)"
117,118,Salsa Latin Guatemala,"18 calle 15-51, Zona 13 C.C. Paseo Real",502.0,42172567,https://www.facebook.com/Salsa-Latin-Guatemala-178268719078/,"¡Atención amantes del baile! Salsa Latin Guatemala es la primera academia profesional de baile latino de Guatemala. Lo mejor es que cuenta con más de 14 años de experiencia en el mundo del baile. Podrás encontrar clases de salsa, bachata, boogalo, pachanga, chachachá y más. Participan en competencias internacionales y cuentan con distintos niveles para que puedas aprender poco a poco.",Baile,Guatemala - Guatemala,"https://www.google.com/maps/place/SALSA+LATIN+GUATEMALA/@14.6223133,-90.5712667,15z/data=!4m5!3m4!1s0x8589a20a0cac7db9:0x86b5c4080f6c86a0!8m2!3d14.5800075!4d-90.5239709","geo:14.57984,-90.52389?z=19",14.57984,-90.52389,"(14.57984, -90.52389)"
118,119,Scandinavia - Aguilar Batres,"Calzada Aguilar Batres14-07, Zona 12",502.0,24592586,https://www.scandinaviagym.com/,Cadena de 14 gimnasios. Siempre Cerca de Ti. Amplios Horarios. En las principales ciudades de Guatemala.,Pesas,Guatemala - Guatemala,"https://www.google.com/maps/place/Scandinavia+Gym/@14.6043201,-90.5539631,15z/data=!3m1!4b1!4m5!3m4!1s0x8589a10cb7ef5ffd:0xd7db473bfd2a87ee!8m2!3d14.6043203!4d-90.5452083","geo:14.60421,-90.54519?z=19",14.60421,-90.54519,"(14.60421, -90.54519)"
119,120,Scandinavia - Arkadia Premium,Centro Comercial Arkadia zona 10,502.0,22110046,https://www.scandinaviagym.com/,Cadena de 14 gimnasios. Siempre Cerca de Ti. Amplios Horarios. En las principales ciudades de Guatemala.,Pesas,Guatemala - Guatemala,"https://www.google.com/maps/place/Arkadia+Shopping+Mall/@14.6029186,-90.5922493,12z/data=!4m8!1m2!2m1!1sscandinavia+arkadia!3m4!1s0x8589a39b9db4f0e3:0x93fb9aa9f9d920ba!8m2!3d14.5799767!4d-90.4932853","geo:14.58044,-90.49298?z=18",14.58044,-90.49298,"(14.58044, -90.49298)"
120,121,Scandinavia - Carretera a El Salvador,"Km. 16.5, Carretera a El Salvador Salida a San José Pinula",502.0,22779297,https://www.scandinaviagym.com/,Cadena de 14 gimnasios. Siempre Cerca de Ti. Amplios Horarios. En las principales ciudades de Guatemala.,Pesas,Guatemala - Guatemala,"https://www.google.com/maps/place/Scandinavia+Gym/@14.5379815,-90.4895258,12.51z/data=!4m8!1m2!2m1!1sscandinavia+gym+carretera!3m4!1s0x0:0xdb6074abd9efe4da!8m2!3d14.5438331!4d-90.45398","geo:14.54363,-90.45358?z=19",14.54363,-90.45358,"(14.54363, -90.45358)"
121,122,Scandinavia - El Frutal,"Centro Comercial El Frutal, Villa Nueva",502.0,35021704,https://www.scandinaviagym.com/,Cadena de 14 gimnasios. Siempre Cerca de Ti. Amplios Horarios. En las principales ciudades de Guatemala.,Pesas,Guatemala - Guatemala,"https://www.google.com/maps/place/Complejo+Comercial+El+Frutal/@14.5214516,-90.5730692,15z/data=!3m1!4b1!4m5!3m4!1s0x8589a70036a4038d:0xe6dfb293fb358f71!8m2!3d14.5214518!4d-90.5643144","geo:14.52128,-90.56476?z=17",14.52128,-90.56476,"(14.52128, -90.56476)"
122,123,Scandinavia - El Naranjo,Condado Naranjo,502.0,22127513,https://www.scandinaviagym.com/,Cadena de 14 gimnasios. Siempre Cerca de Ti. Amplios Horarios. En las principales ciudades de Guatemala.,Pesas,Guatemala - Guatemala,"https://www.google.com/maps/place/Condado+Naranjo,+Cdad.+de+Guatemala,+Guatemala/@14.6555265,-90.5509465,15z/data=!3m1!4b1!4m5!3m4!1s0x8589a1e1ab9cfc2d:0x27624c072872fd6d!8m2!3d14.6555267!4d-90.5421917","geo:14.65270,-90.54011?z=18",14.6527,-90.54011,"(14.6527, -90.54011)"
123,124,Scandinavia - Galerías Primma,Centro Comercial Galerías Primma,502.0,24742815,https://www.scandinaviagym.com/,Cadena de 14 gimnasios. Siempre Cerca de Ti. Amplios Horarios. En las principales ciudades de Guatemala.,Pesas,Guatemala - Guatemala,"https://www.google.com/maps/place/Banco+CHN+Agencia+GALERIAS+PRIMMA/@14.6239898,-90.5619848,15z/data=!3m1!4b1!4m5!3m4!1s0x8589a1b4a3b6139b:0x1c0ea21ce50b46f0!8m2!3d14.62399!4d-90.55323","geo:14.62480,-90.55086?z=18",14.6248,-90.55086,"(14.6248, -90.55086)"
124,125,Scandinavia - Metronorte,Centro Comercial Metronorte,502.0,22695605,https://www.scandinaviagym.com/,Cadena de 14 gimnasios. Siempre Cerca de Ti. Amplios Horarios. En las principales ciudades de Guatemala.,Pesas,Guatemala - Guatemala,"https://www.google.com/maps/place/Metro+Nte.,+Cdad.+de+Guatemala,+Guatemala/@14.6477058,-90.4874525,15z/data=!3m1!4b1!4m5!3m4!1s0x8589a29aaeecf82b:0xcf3b17d29e9017ef!8m2!3d14.647706!4d-90.4786977","geo:14.64714,-90.47710?z=19",14.64714,-90.4771,"(14.64714, -90.4771)"
125,126,Scandinavia - San Cristobal,Auxiliar Bulevar San Cristóbal,502.0,24781566,https://www.scandinaviagym.com/,Cadena de 14 gimnasios. Siempre Cerca de Ti. Amplios Horarios. En las principales ciudades de Guatemala.,Pesas,Guatemala - Guatemala,"https://www.google.com/maps/place/Scandinavia+Gym+San+Crist%C3%B3bal/@14.5967719,-90.587963,15z/data=!3m1!4b1!4m5!3m4!1s0x8589a0ec4ca0b1ef:0x9c17332b007f20dc!8m2!3d14.5967721!4d-90.5792082","geo:14.59677,-90.57916?z=19",14.59677,-90.57916,"(14.59677, -90.57916)"
126,127,Scandinavia - San Lucas,"Centro Comercial El Sauce, San Lucas Sacatepéquez",502.0,78301641,https://www.scandinaviagym.com/,Cadena de 14 gimnasios. Siempre Cerca de Ti. Amplios Horarios. En las principales ciudades de Guatemala.,Pesas,Guatemala - Guatemala,"https://www.google.com/maps/place/Scandinavia+Gym+San+Lucas/@14.6092074,-90.6689162,15z/data=!3m1!4b1!4m5!3m4!1s0x85890b9fb0624649:0x899bdab0f4cd0ebc!8m2!3d14.6092076!4d-90.6601614","geo:14.60924,-90.66017?z=18",14.60924,-90.66017,"(14.60924, -90.66017)"
127,128,Scandinavia - San Rafael,"km. 7.5 Carretera a El Atlántico zona 18, c.c. San Rafael, local #90",502.0,22672919,https://www.scandinaviagym.com/,Cadena de 14 gimnasios. Siempre Cerca de Ti. Amplios Horarios. En las principales ciudades de Guatemala.,Pesas,Guatemala - Guatemala,"https://www.google.com/maps/place/Scandinavia+Gym+San+Rafael+Z.+18/@14.6532228,-90.4649288,15z/data=!3m1!4b1!4m5!3m4!1s0x8589a2a937f773db:0x45c79b4a708fdc35!8m2!3d14.653223!4d-90.456174","geo:14.65328,-90.45583?z=18",14.65328,-90.45583,"(14.65328, -90.45583)"
128,129,Scandinavia - Vista Hermosa,Boulevard Vista Hermosa 21-95 zona 15,502.0,22779296,https://www.scandinaviagym.com/,Cadena de 14 gimnasios. Siempre Cerca de Ti. Amplios Horarios. En las principales ciudades de Guatemala.,Pesas,Guatemala - Guatemala,"https://www.google.com/maps/place/Scandinavia,+Blvd.+Vista+Hermosa,+Cdad.+de+Guatemala,+Guatemala/@14.5866982,-90.4969745,15z/data=!3m1!4b1!4m5!3m4!1s0x8589a39fde4b6d65:0x387eed2562774f43!8m2!3d14.5867351!4d-90.4882498","geo:14.58673,-90.48815?z=19",14.58673,-90.48815,"(14.58673, -90.48815)"
129,130,Scandinavia - Zona 5,"39 calle 21 07, zona 5 (atrás de Paiz)",502.0,23357683,https://www.scandinaviagym.com/,Cadena de 14 gimnasios. Siempre Cerca de Ti. Amplios Horarios. En las principales ciudades de Guatemala.,Pesas,Guatemala - Guatemala,"https://www.google.com/maps/place/Scandinavia+GYM/@14.6258812,-90.5037273,15z/data=!3m1!4b1!4m5!3m4!1s0x8589a25a55c5264b:0x13e8d834524e1d7b!8m2!3d14.6258814!4d-90.4949725","geo:14.62607,-90.49557?z=18",14.62607,-90.49557,"(14.62607, -90.49557)"
130,131,Schumann'S Cordova,Blvd San Cristobal Centro Comercial San Cristobal Zona 8 Mixco,502.0,24781097,http://www.schumanscordova.com,Artes Marciales,Artes Marciales,Guatemala - Guatemala,"https://www.google.com/maps/place/Centro+Comercial+San+Cristobal,+Cdad.+de+Guatemala,+Guatemala/@14.5950688,-90.5879301,15z/data=!3m1!4b1!4m5!3m4!1s0x8589a0ec6935db51:0x3b22080dad643963!8m2!3d14.595069!4d-90.5791753","geo:14.60180,-90.58026?z=18",14.6018,-90.58026,"(14.6018, -90.58026)"
131,132,Schumann's Majadas,"27 Avenida 6-40, Parque Comercial Las Majadas, ",502.0,32316693,https://www.facebook.com/karatemajadas/,"En nuestro gimnasio Schumann's Majadas enseñamos Artes Marciales Mixtas (MMA) basados en el ""Galvan Combat System"" con la franquicia internacional ""Bonebreakers"" que ha desarrollado exitosamente un sistema de artes marciales mixtas efectivo, basado principalmente en muay thai, jiujitsu, boxeo y catch wrestling.

El sistema que enseñamos además de poner énfasis en la efectividad combativa, mantiene muy claro su papel como instrumento de desarrollo integral, planteando una serie de valores como: decisión, honor, valor, control, carácter, sinceridad y balance, que son las 7 normas para la vida.",Artes Marciales,Guatemala - Guatemala,"https://www.google.com/maps/place/Majadas+Once/@14.6206232,-90.5704469,15z/data=!3m1!4b1!4m5!3m4!1s0x8589a1adaa76cd35:0x53a233299ace5eeb!8m2!3d14.6206234!4d-90.5616921","geo:14.62018,-90.56098?z=19",14.62018,-90.56098,"(14.62018, -90.56098)"
132,133,Schumanns Sporta,Km. 18.5 Carretera a El Salvador,502.0,66339623,https://schumannsporta.wixsite.com/schumanns-sporta,"La misión de Schumanns Sporta es formar a personas con valores y actitud positiva hacia cualquier situación, enseñar el camino de la disciplina sin maltrato, para alcanzar el éxito. Enseñamos artes marciales para cualquier edad.",Artes Marciales,Guatemala - Guatemala,"https://www.google.com/maps/place/Sporta/@14.6204557,-90.8418859,10z/data=!4m8!1m2!2m1!1ssporta!3m4!1s0x8589a4c35cac38c1:0x4d2a81fde0ef0820!8m2!3d14.5317507!4d-90.4654229","geo:14.53108,-90.46494?z=18",14.53108,-90.46494,"(14.53108, -90.46494)"
133,134,Sense CrossFit,"9a. avenida 16-03, Zona 10",502.0,23665836,http://sensecrossfit.com/,"Somos una familia de personas apasionadas por la salud, que a través del ejercicio intenso y funcional buscan una mejor calidad de vida.",Crossfit,Guatemala - Guatemala,"https://www.google.com/maps/place/SENSE+Crossfit/@14.5941907,-90.5176285,15z/data=!3m1!4b1!4m5!3m4!1s0x8589a3c72cc086f1:0x8758aa7f5a6f2567!8m2!3d14.5941909!4d-90.5088737","geo:14.59405,-90.50900?z=18",14.59405,-90.509,"(14.59405, -90.509)"
134,135,Sky Dance Academy,Bul Tulmtzu 17 Av 2-15 C.C. Valle del Sol Z.4 Mixco,502.0,24314113,http://www.skydancegt.com,"Academia de Baile, Salsa, Bachata, Kizomba, Zouk, pachanga, Chacha cha, Ballet, Jazz, Hip Hop, Acrotelas, y muchos estilos más, Estilo Latino evolucionó.",Baile,Guatemala - Guatemala,"https://www.google.com/maps/place/Sky+Dance+Academy/@14.6430528,-90.5737868,15z/data=!3m1!4b1!4m5!3m4!1s0x8589a033193e577b:0x7510c287efaa5c3a!8m2!3d14.643053!4d-90.565032","geo:14.64338,-90.56496?z=18",14.64338,-90.56496,"(14.64338, -90.56496)"
135,136,Smart Fit - El Naranjo," Plaza Kalú, locales R2-R5 - 23 calle 14-50 Zona 4 de Mixco",,0,https://www.smartfit.com.gt/,"Inaugurada en 2009, Smart Fit fue creada con el propósito de democratizar el acceso a la práctica de actividad física de alto nivel, con planes accesibles y adhesión facilitada.",Pesas,Guatemala - Guatemala,"https://www.google.com/maps/place/PLAZA+KALU+CONDADO+NARANJO/@14.6430528,-90.5737868,15z/data=!4m5!3m4!1s0x8589a1e42644460f:0x9a67d7167d839caa!8m2!3d14.6502645!4d-90.5397667","geo:14.65086,-90.53963?z=19",14.65086,-90.53963,"(14.65086, -90.53963)"
136,137,Smart Fit - Los Próceres,"  3ª Avenida 16-52, Z.10 -  Centro Comercial Los Próceres",,0,https://www.smartfit.com.gt/,"Inaugurada en 2009, Smart Fit fue creada con el propósito de democratizar el acceso a la práctica de actividad física de alto nivel, con planes accesibles y adhesión facilitada.",Pesas,Guatemala - Guatemala,"https://www.google.com/maps/place/Centro+Comercial+Los+Proceres/@14.5948416,-90.5244171,15z/data=!3m1!4b1!4m5!3m4!1s0x8589a3c4a49fb9e7:0x7f3ab2b6daf28ec5!8m2!3d14.5948418!4d-90.5156623","geo:14.59488,-90.51553?z=19",14.59488,-90.51553,"(14.59488, -90.51553)"
137,138,Smart Fit - Metrocentro Villa Nueva," Centro Comercial Metrocentro local L103 -  0 Calle 16-20, Zona 4 - Villa Nueva",,0,https://www.smartfit.com.gt/,"Inaugurada en 2009, Smart Fit fue creada con el propósito de democratizar el acceso a la práctica de actividad física de alto nivel, con planes accesibles y adhesión facilitada.",Pesas,Guatemala - Guatemala,"https://www.google.com/maps/place/Metrocentro+Villa+Nueva/@14.5135495,-90.5859758,15z/data=!3m1!4b1!4m5!3m4!1s0x8589a7a6aab46371:0x9b721760501f0a2a!8m2!3d14.5135497!4d-90.577221","geo:14.51380,-90.57669?z=18",14.5138,-90.57669,"(14.5138, -90.57669)"
138,139,Smart Fit - Metroplaza Carr. a El Salvador," Km 13.1  - Carr. a El Salvador, Local 208",,0,https://www.smartfit.com.gt/,"Inaugurada en 2009, Smart Fit fue creada con el propósito de democratizar el acceso a la práctica de actividad física de alto nivel, con planes accesibles y adhesión facilitada.",Pesas,Guatemala - Guatemala,"https://www.google.com/maps/place/Centro+Comercial+Metroplaza/@14.5677316,-90.4809267,15z/data=!3m1!4b1!4m5!3m4!1s0x8589a4ddc2393af9:0x4ce61a597ef7a28c!8m2!3d14.5677318!4d-90.4721719","geo:14.56764,-90.47290?z=19",14.56764,-90.4729,"(14.56764, -90.4729)"
139,140,Smart Fit - QUO Zona 4," Via 7, 4-20, Zona 4, Torre Q, Segundo Nivel",,0,https://www.smartfit.com.gt/,"Inaugurada en 2009, Smart Fit fue creada con el propósito de democratizar el acceso a la práctica de actividad física de alto nivel, con planes accesibles y adhesión facilitada.",Pesas,Guatemala - Guatemala,"https://www.google.com/maps/place/Via+7+4-51,+Cdad.+de+Guatemala,+Guatemala/@14.6179806,-90.5234065,15z/data=!3m1!4b1!4m5!3m4!1s0x8589a2318fa65369:0x1056ae2c880b87f2!8m2!3d14.6179808!4d-90.5146517","geo:14.61851,-90.51499?z=18",14.61851,-90.51499,"(14.61851, -90.51499)"
140,141,Smart Fit - Rambla, Centro Comercial Rambla 10 - Boulevar Los Próceres 25-76 ,,0,https://www.smartfit.com.gt/,"Inaugurada en 2009, Smart Fit fue creada con el propósito de democratizar el acceso a la práctica de actividad física de alto nivel, con planes accesibles y adhesión facilitada.",Pesas,Guatemala - Guatemala,"https://www.google.com/maps/place/Rambla10/@14.6179806,-90.5234065,15z/data=!4m5!3m4!1s0x8589a39a48fb4755:0xe1a0adff51a5c4a3!8m2!3d14.5807364!4d-90.4953474","geo:14.58041,-90.49564?z=19",14.58041,-90.49564,"(14.58041, -90.49564)"
141,142,Smart Fit - Tikal Futura, Calzada Roosevelt 23-43,,0,https://www.smartfit.com.gt/,"Inaugurada en 2009, Smart Fit fue creada con el propósito de democratizar el acceso a la práctica de actividad física de alto nivel, con planes accesibles y adhesión facilitada.",Pesas,Guatemala - Guatemala,"https://www.google.com/maps/place/Grand+Tikal+Futura+Hotel/@14.6225814,-90.5629352,15z/data=!3m1!4b1!4m8!3m7!1s0x8589a1baa9d16f77:0x6867b4859eecd06e!5m2!4m1!1i2!8m2!3d14.6225816!4d-90.5541804","geo:14.62300,-90.55372?z=19",14.623,-90.55372,"(14.623, -90.55372)"
142,143,Sporta Gym,Km 18.5 Carretera a El Salvador,502.0,66480100,https://sporta.com.gt/,"En nuestro club no hay actitudes hostiles! Cada persona tiene metas diferentes cuando comienza pero todas desean obtener resultados. Ayudarles a que luzcan y se sientan en óptimas condiciones es nuestra misión y la razón de por qué le encantará estar con nosotros.

En Sporta Usted siempre tiene acceso a nuestros instructores y a las últimas técnicas de fitness y entrenamiento, todo en una localización muy conveniente.

¡Cada vez que venga a entrenar se sentirá muy bien al salir; sabiendo que luce y se siente de lo mejor!","Pesas, Baile, Natacion, Funcional",Guatemala - Guatemala,"https://www.google.com/maps/place/Sporta/@14.5317505,-90.4741777,15z/data=!3m1!4b1!4m5!3m4!1s0x8589a4c35cac38c1:0x4d2a81fde0ef0820!8m2!3d14.5317507!4d-90.4654229","geo:14.53102,-90.46462?z=19",14.53102,-90.46462,"(14.53102, -90.46462)"
143,144,Sporta Gym,10a avenida y 12 calle zona 14. C.C. La Noria,502.0,66259100,https://sporta.com.gt/,"En nuestro club no hay actitudes hostiles! Cada persona tiene metas diferentes cuando comienza pero todas desean obtener resultados. Ayudarles a que luzcan y se sientan en óptimas condiciones es nuestra misión y la razón de por qué le encantará estar con nosotros.

En Sporta Usted siempre tiene acceso a nuestros instructores y a las últimas técnicas de fitness y entrenamiento, todo en una localización muy conveniente.

¡Cada vez que venga a entrenar se sentirá muy bien al salir; sabiendo que luce y se siente de lo mejor!","Pesas, Baile, Natacion, Funcional",,"https://www.google.com/maps/place/Sporta+La+Noria+Zona+14/@14.5813158,-90.5245548,15z/data=!3m1!4b1!4m5!3m4!1s0x8589a3ef5d272ff1:0x96a70e580f38e0f8!8m2!3d14.581316!4d-90.5158","geo:14.58157,-90.51629?z=18",14.58157,-90.51629,"(14.58157, -90.51629)"
144,145,Swim and Gym Center,"6A AVENIDA ""A"" 4-41, SECTOR A3 CIUDAD SAN CRISTÓBAL, ZONA 8 DE MIXCO.",502.0,24809255,https://swimgymcenter.com/,"Swim & Gym Center fue fundado en 2010 en Ciudad San Cristóbal, por su director y Nadador Olímpico de Natación de Atenas 2004, Ingeniero Rodrigo Díaz, para ofrecer un espacio amplio adecuado y seguro con un ambiente único y amigable donde puedan asistir toda la familia.","Natacion, Pesas, Funcional",,,"geo:14.61001,-90.59870?z=19",14.61001,-90.5987,"(14.61001, -90.5987)"
145,146,The Boxing Club,"20 calle 25-85, Zona 10",502.0,23633026,https://www.facebook.com/boxingclubgt/,"The Boxing Club es una escuela de boxeo enfocada en ofrecer instrucción de boxeo como fitness para lograr disciplina, quema de grasa, eliminación de estrés y defensa personal.",Boxeo,Guatemala - Guatemala,"https://www.google.com.ar/maps/place/20+calle+2585,+Guatemala/@14.5796602,-90.503927,15z/data=!3m1!4b1!4m5!3m4!1s0x8589a39a556cc6e9:0x3645cbc782229629!8m2!3d14.5796604!4d-90.4951722","geo:14.57979,-90.49528?z=18",14.57979,-90.49528,"(14.57979, -90.49528)"
146,147,The Dance Factory,"Km. 14.5 Carretera a El Salvador, Centro Comercial Escala Local B-2",502.0,66342230,https://es-la.facebook.com/DanceFactoryGT/,The Dance Factory es una de las academias de baile más grande del país. Cuenta con tres sucursales en la Ciudad de Guatemala y clases de distintos géneros musicales. Son conocidos gracias a sus clausuras con escenografías únicas y bailes espectaculares. Aceptan a bailarines a partir de los 4 años de edad y es una opción única para enamorarte del baile.,Baile,Guatemala - Guatemala,"https://www.google.com.ar/maps/place/Dance+Factory+Escala/@14.5903643,-90.6515221,11z/data=!4m8!1m2!2m1!1sthe+dance+factory+guatemala!3m4!1s0x8589a55c8478ef63:0x954729ede0a09b4b!8m2!3d14.5587471!4d-90.4633846","geo:14.55851,-90.46212?z=19",14.55851,-90.46212,"(14.55851, -90.46212)"
147,148,The Dance Factory,Majadas Once,502.0,66342230,https://es-la.facebook.com/DanceFactoryGT/,The Dance Factory es una de las academias de baile más grande del país. Cuenta con tres sucursales en la Ciudad de Guatemala y clases de distintos géneros musicales. Son conocidos gracias a sus clausuras con escenografías únicas y bailes espectaculares. Aceptan a bailarines a partir de los 4 años de edad y es una opción única para enamorarte del baile.,Baile,,"https://www.google.com.ar/maps/place/Dance+Factory+Majadas+Once/@14.5904478,-90.6515216,11z/data=!4m8!1m2!2m1!1sthe+dance+factory+guatemala!3m4!1s0x8589a1375ae5ad3b:0x9357388c0f739a6d!8m2!3d14.6223989!4d-90.5594852","geo:14.62047,-90.56127?z=19",14.62047,-90.56127,"(14.62047, -90.56127)"
148,149,The Dance Factory,Las Americas,502.0,66342230,https://es-la.facebook.com/DanceFactoryGT/,The Dance Factory es una de las academias de baile más grande del país. Cuenta con tres sucursales en la Ciudad de Guatemala y clases de distintos géneros musicales. Son conocidos gracias a sus clausuras con escenografías únicas y bailes espectaculares. Aceptan a bailarines a partir de los 4 años de edad y es una opción única para enamorarte del baile.,Baile,,"https://www.google.com.ar/maps/place/Dance+Factory+Am%C3%A9ricas/@14.5902808,-90.6515227,11z/data=!4m8!1m2!2m1!1sdance+factory+guatemala!3m4!1s0x8589a3dd998e1035:0x2c988dff0841f19b!8m2!3d14.5893968!4d-90.5191896","geo:14.58956,-90.51906?z=18",14.58956,-90.51906,"(14.58956, -90.51906)"
149,150,The Fit Center,"Cayala, Blvd. Rafael Landivar, 10-05 Zona 16",502.0,24937666,https://www.facebook.com/thefitcenter,"The Fit Center es un concepto integral de gimnasio personalizado en Paseo Cayalá. Programas integrales: clases de ejercicios, suplementos, nutrición, y quiropráctica.

En una clase de 45 minutos, estarás haciendo ejercicios funcionales y de aislamiento muscular que tienen además gran impacto en tu metabolismo, por lo que estarás quemando calorías hasta 48 horas después de entrenar.","Pesas, Pilates, Funcional",Guatemala - Guatemala,"https://www.google.com.ar/maps/place/THE+FIT+CENTER/@14.6105748,-90.4942138,15z/data=!3m1!4b1!4m5!3m4!1s0x8589a301cc796225:0xd4662afcac347f9e!8m2!3d14.610575!4d-90.485459","geo:14.61072,-90.48495?z=18",14.61072,-90.48495,"(14.61072, -90.48495)"
150,151,Unidanza Guatemala,"Cardales de Cayalá Zona 16 Local 207 Sur, Diagonal 35 Bulevar Austriaco 16-25",502.0,24914337,http://unidanza.net/,"En Unidanza vas a encontrar un gran equipo de maestros de ballet, jazz, hip hop y pilates, entregados a la enseñanza de la danza con el deseo de desarrollar y compartir este arte con futuras generaciones. Lo mejor es que las clases son personalizadas y cuentan con distintas presentaciones en lugares llenos de historia. ¡A bailar se ha dicho!",Baile,Guatemala - Guatemala,"https://www.google.com.ar/maps/place/UNIDANZA/@14.6113926,-90.4919482,15z/data=!4m8!1m2!2m1!1sUnidanza+Guatemala!3m4!1s0x8589a3e1f202964f:0xccccf68ae4958565!8m2!3d14.6123689!4d-90.4829988","geo:14.61167,-90.48280?z=19",14.61167,-90.4828,"(14.61167, -90.4828)"
151,152,Unlimited Dance Academy,"Bulevar Los Próceres, 24-24 zona 10 C. C. Las Cañas",502.0,23667892,https://unlimited-dance.com.gt/,"¿Con ganas de aprender pasos nuevos? Sin duda alguna Unlimited Dance Academy es un buen lugar para disfrutar del baile y de sus diferentes ritmos. Cuentan con más de 20 años de experiencia, con clases personalizadas y pasos impresionantes. Lo mejor es que cuentan con presentaciones y un ambiente muy agradable, en donde seguro conocerás personas que comparten la pasión por el baile.",Baile,Guatemala - Guatemala,"https://www.google.com.ar/maps/place/Unlimited+Dance+Academy/@14.5814489,-90.5051898,15z/data=!3m1!4b1!4m5!3m4!1s0x8589a39a168e4a87:0x9363c47bff4a6df7!8m2!3d14.5814491!4d-90.496435","geo:14.58156,-90.49645?z=18",14.58156,-90.49645,"(14.58156, -90.49645)"
152,153,Urban Yoga,"Km 15.5 Carr. a El Salvador, Edificio Plaza Concep",502.0,46220497,https://www.facebook.com/urbanyogaguate/,"Urban Yoga es un estudio en Carretera a El Salvador ofreciendo clases de Yoga de diferentes tipos: Vinyasa, Align & Flow, Hatha, Slow Flow, Ashtanga y clases estilo Mysore. Atrévete a algo fuera de lo convencional y divertido. Urban Yoga te invita a visitarlos.",Yoga,Guatemala - Guatemala,"https://www.google.com.ar/maps/place/Plaza+Concepci%C3%B3n/@14.5527477,-90.4551883,17.45z/data=!4m8!1m2!2m1!1surban+yoga+plaza+concep!3m4!1s0x0:0xa4875a23e8fcb4ef!8m2!3d14.5535455!4d-90.453925","geo:14.55377,-90.45416?z=18",14.55377,-90.45416,"(14.55377, -90.45416)"
153,154,Vertical Shapes,"Punto 15, 2da. Calle 23-51 Zona 15, Vista Hermosa I",502.0,23698775,https://www.facebook.com/VerticalShapes,"Vertical Shapes es una academia especializada en Pole Fitness y acrobacias aéreas, dirigido al 100% para mujeres que desean ejercitar y tonificar su cuerpo, siempre de una forma entretenida y logrando un aumento en la autoestima de cada una.

El Pole Dance está dirigido a mujeres que desean ejercitar y tonificar su cuerpo de una forma entretenida y logrando aumento en la autoestima.",Pole Fitness,Guatemala - Guatemala,"https://www.google.com.ar/maps/place/Boom+Kettlebell-Gym/@14.584902,-90.4865434,19.63z/data=!4m8!1m2!2m1!1s2da.+Calle+23-51+Zona+15,+Vista+Hermosa+I!3m4!1s0x0:0xf97f9484a95fdc27!8m2!3d14.5850754!4d-90.4861145","geo:14.58510,-90.48655?z=19",14.5851,-90.48655,"(14.5851, -90.48655)"
154,155,Waterproof Swim Academy,Km. 19.5 Calzada Roosevelt 7-55 zona 1 de Mixco,502.0,35659799,https://www.giselamorales.com.gt,Natacion,Natacion,Guatemala - Guatemala,"https://www.google.com.ar/maps/place/Waterproof+Swim+Academy+San+Cristobal/@14.5890564,-90.6032724,15z/data=!3m1!4b1!4m5!3m4!1s0x8589a1df4a12645b:0x2ab9f04f45520346!8m2!3d14.5890566!4d-90.5945176","geo:14.61877,-90.61172?z=18",14.61877,-90.61172,"(14.61877, -90.61172)"
155,156,Waterproof Swim Academy,"12 calle 16-02 zona 16, Blvd San Isidro, Acatán",502.0,23798195,https://www.giselamorales.com.gt,Natacion,Natacion,,"https://www.google.com.ar/maps/place/Waterproof+Swim+Academy/@14.6140712,-90.4797833,15z/data=!3m1!4b1!4m5!3m4!1s0x8589a2e09c422cff:0xa1c3cca0eb4ad310!8m2!3d14.6140714!4d-90.4710285","geo:14.61550,-90.46963?z=18",14.6155,-90.46963,"(14.6155, -90.46963)"
156,157,Waterproof Swim Academy,"15 avenida A y 3 calle D, zona 8, San Cristóbal",502.0,23758195,https://www.giselamorales.com.gt,Natacion,Natacion,,,"geo:14.58914,-90.59433?z=18",14.58914,-90.59433,"(14.58914, -90.59433)"
157,158,Xsport Fitness Center,"Calz. Aguilar Batres, 37-95 Zona 12",502.0,24769841,https://www.facebook.com/xsportfitnesscenter,Ofrecemos servicio de gimnasio completo. Contamos con diferentes clases que se adecuan a tus necesidades recibiendo el acompañamiento adecuado.,"Pesas, Crossfit",Guatemala - Guatemala,"https://www.google.com.ar/maps/place/Xsport+Fitness+Center/@14.5873798,-90.5706683,15z/data=!3m1!4b1!4m5!3m4!1s0x8589a1203ac79f53:0xfc38ea2da04bac8a!8m2!3d14.58738!4d-90.5619135","geo:14.58745,-90.56182?z=17",14.58745,-90.56182,"(14.58745, -90.56182)"
158,159,Xtream Gym,6a. Avenida 6-63 Zona 10,502.0,22961976,https://www.facebook.com/Xtreamgymguate,"Nuestro gimnasio ofrece un entrenamiento por medio del acondicionamiento físico general que incluye la pérdida de peso y preparación física para mejorar el rendimiento en cualquier deporte.

Se realiza por medio de ejercicios con cambios de intensidad, trabajando con ejercicios aeróbicos y anaeróbicos, ejercicios de desarrollo de la fuerza con el uso del peso corporal, carrera, desarrollo de la coordinación, flexibilidad y explosividad del movimiento muscular.",Artes Marciales,Guatemala - Guatemala,"https://www.google.com.ar/maps/place/XTREAM+GYM/@14.606585,-90.5188815,15z/data=!3m1!4b1!4m5!3m4!1s0x8589a3cbc49ff5d7:0x252f462450e15f5c!8m2!3d14.6065852!4d-90.5101267","geo:14.60688,-90.50995?z=18",14.60688,-90.50995,"(14.60688, -90.50995)"
159,160,Zardoz Fitness,16 Calle final 41-85 Zona 5,502.0,23360091,https://zardozgym.com/,"Zardoz Fitness es un centro de entrenamiento en el que puedes mejorar tu condición física, ponerte en forma o sacar tu estrés. Cuentan con área para pesas, cardio, yoga, ejercicios funcionales, y muchas más clases. Visítalos en Zona 5.",Pesas,Guatemala - Guatemala,"https://www.google.com.ar/maps/place/ZarDoz+Gym/@14.6278428,-90.5013668,15z/data=!3m1!4b1!4m5!3m4!1s0x8589a2595f09d34b:0x48caba4fbf45ea66!8m2!3d14.627843!4d-90.492612","geo:14.62818,-90.49256?z=18",14.62818,-90.49256,"(14.62818, -90.49256)"
